item,variable,nombre_variable,tipo_variable,longitud,obligatoria,categorias_documentadas,descripcion_documentada,fuente_diccionario
1,CEM,Centro Emergencia Mujer,Cadena,43,Si,No tiene,"Se consigna el nombre del CEM, identificando la denominación del servicio",MD RA CEM pea.xlsx / Casos CEM
2,CONDICION,Condición del caso,Numérico,1,Si,1 = Nuevo || 2 = Reingreso || 3 = Reincidente || 4 = Derivado || 5 = Continuador,"Persona que es atendida por primera vez en un CEM a nivel nacional, cuyo caso ha sido validado por los/as profesionales de atención de un CEM || Persona que ha sido agredida por primera vez por otra presunta persona agresora, y ya cuenta con una ficha como caso ""Nuevo"" en un CEM a nivel nacional || Persona que ha sido agredida por segunda o más veces por la misma presunta persona agresora y cuyo caso requiere recibir el patrocinio legal del CEM || Caso atendido por más de un CEM, ya sea para el seguimiento legal porque los hechos ocurrieron en otra jurisdicción al CEM, o para la atención psicológica y social porque la persona usuaria reside en otra jurisdicción al CEM || Caso que tiene su última atención hace más de un año y requiere recibir atención interdisciplinaria mínimamente de dos servicios del CEM",MD RA CEM pea.xlsx / Casos CEM
3,FECHA_INGRESO,Fecha de ingreso,Fecha,11,Si,No tiene,"Se consigna la fecha que fue aperturada la ficha en el CEM, cuya ficha se encuentra validada por el o la profesional de atención del CEM",MD RA CEM pea.xlsx / Casos CEM
4,ACUDE_SOLA,La persona usuaria en el momento de la apertura de la ficha ¿Acude sola al CEM?,Numérico,1,Si,0 = No || 1 = Si || 2 = Ficha aperturada fuera del CEM || 3 = Ficha de condición “Derivado” o “Continuador”,"La persona NO acude sola al CEM, en el momento de la apertura de la ficha || La persona SI acude sola al CEM, en el momento de la apertura de la ficha || La ficha es aperturada fuera de las instalaciones del CEM, al momento de realizar la validación del caso a través de una visita domiciliaria || La ficha se encuentra aperturada como caso de condición ""Derivado"" o ""Continuador""",MD RA CEM pea.xlsx / Casos CEM
5,INFORMANTE,¿La persona informante es la misma persona usuaria?,Numérico,1,Si,0 = No || 1 = Si,La persona usuaria NO es la persona informante || La persona usuaria SI es la persona informante,MD RA CEM pea.xlsx / Casos CEM
6,FORMA_INGRESO,Forma de ingreso al servicio,Numérico,2,Si,"1 = Persona acude directamente al servicio || 2 = Persona acude al servicio por otro motivo o solicita orientación por otras materias || 3 = Personal de atención detecta e inserta el caso al CEM || 4 = Personal de prevención detecta e inserta el caso al CEM || 5 = Ficha de Notificación de Caso || 6 = Agente comunitario || 7 = Entidad pública (sistema de salud, educativo, servicios sociales) || 8 = Institución privada || 9 = Personal de la Sede Central del Programa Nacional AURORA || 10 = Oficio emitido por la UGEL o la DRE || 11 = Ficha de Notificación del Establecimiento de Salud (EE.SS.) || 12 = Ficha de Derivación de la Línea 100 || 13 = Unidad del MIMP || 14 = Ficha de Derivación del Chat 100 || 15 = Derivado por la PNP || 16 = Derivado por el Ministerio Público || 17 = Derivado por el Poder Judicial || 18 = Derivado por el Servicio de Defensa Pública del MINJUSDH || 19 = Servicio de Atención Urgente (SAU) || 20 = Centro de Atención Institucional (CAI) || 21 = Servicio de Atención Rural (SAR) || 22 = Hogar de Refugio Temporal (HRT) || 23 = Centro Emergencia Mujer (CEM) || 24 = Equipo Itinerante de Urgencia (EIU)","La persona acude directamente al servicio, refiriendo ser víctima de violencia y solicita la atención respectiva || La persona acude al servicio por otros motivos o solicita orientación por otras materias (alimentos, tenencia, régimen de visitas, etc.) y se detectan indicadores de violencia || El o la profesional del servicio de atención (psicología, social o legal) identifica un caso de violencia durante el desarrollo de acciones preventivas || El o la profesional del servicio de prevención detecta un caso de violencia en las acciones preventivas que desarrolla y se contacta con el equipo de atención del CEM para que el caso sea insertado al servicio || Es la información proporcionada por cualquier persona sobre el presunto caso de violencia, o proporcionada por alguna otra instancia que no se encuentra contemplada en las demás opciones del cuadro como forma de ingreso al servicio || Son aquellos casos notificados al CEM por la Coordinadora Mentora que dirige el “Servicio de acompañamiento básico” o la Psicóloga Comunitaria que desarrolla el “Servicio de acompañamiento Especializado” || Son aquellos casos referidos por toda organización del Estado Peruano creada por norma expresa en el que se le confiere mandato a través del cual ejerce funciones dentro del marco de sus competencias y atribuciones, para contribuir a la satisfacción de las necesidades y expectativas de la sociedad || Son aquellos casos referidos por instituciones educativas privadas, las Organizaciones No Gubernamentales (ONG), las Organizaciones Sociales de Base (OSB), u otras instituciones que no pertenezcan al ámbito público || Son aquellos casos referidos por los/as profesionales que laboran en la Sede Central del Programa Nacional AURORA en Lima || La UGEL o DRE alerta mediante oficio el desarrollo de los procesos administrativos disciplinarios seguidos al personal de las II.EE. involucrados en casos de violencia contra niñas, niños y adolescentes; también considera los casos derivados por la Directora o el Director y el responsable de convivencia escolar de la I.E. || Son todos los casos atendidos por el EE.SS. cuyo personal de la salud informa al especialista de enlace del CEM sobre aquellas personas usuarias que se encuentran en situación de violencia || Son todos los casos derivados por el servicio de la Línea 100 del Programa Nacional AURORA || Son todos/as los/as profesionales que laboran en las Unidades del MIMP en Lima, cuyo profesional conoce sobre un presunto hecho de violencia y notifica el caso al CEM para su validación || Son todos los casos derivados por el servicio del Chat 100 del Programa Nacional AURORA || Son los casos derivados por la Policía Nacional del Perú (PNP), que previamente cuentan con denuncia según el Reglamento de la Ley N° 30364 || Son los casos derivados por el Ministerio Público, que previamente cuentan con denuncia según el Reglamento de la Ley N° 30364 || Son los casos derivados por el Poder Judicial, que previamente cuentan con denuncia según el Reglamento de la Ley N° 30364 || Son los casos derivados o transferidos por los servicios de Defensa Pública del MINJUSDH || Son los casos derivados por el SAU del Programa Nacional AURORA || Son los casos derivados por el CAI del Programa Nacional AURORA || Son los casos derivados por el SAR del Programa Nacional AURORA || Son los casos derivados por el HRT del Programa Nacional AURORA || Son los casos derivados por otro CEM del Programa Nacional AURORA || Son los casos derivados por el EIU del Programa Nacional AURORA",MD RA CEM pea.xlsx / Casos CEM
7,VICTIMA_PERUANA,¿La persona usuaria es peruano/a?,Numérico,1,Si,0 = No || 1 = Si,La persona usuaria no es peruano/a || La persona usuaria es peruano/a,MD RA CEM pea.xlsx / Casos CEM
8,VICTIMA_CUENTA_DNI,¿La persona usuaria cuenta con DNI?,Numérico,1,No,0 = No || 1 = Si,La persona usuaria no cuenta con DNI || La persona usuaria si cuenta con DNI,MD RA CEM pea.xlsx / Casos CEM
9,VICTIMA_EXTRANJERA,¿La persona usuaria es extranjero/a?,Numérico,1,Si,0 = No || 1 = Si,La persona usuaria no es extranjero/a || La persona usuaria es extranjero/a,MD RA CEM pea.xlsx / Casos CEM
10,VICTIMA_PAIS_EXTRANJERO,País de la nacionalidad extranjera de la persona usuaria,Numérico,3,No,1 = Afganistan || 2 = Albania || 3 = Alemania || 4 = Andorra || 5 = Angola || 6 = Antigua y Barbuda || 7 = Arabia Saudita || 8 = Argelia || 9 = Argentina || 10 = Armenia || 11 = Australia || 12 = Austria || 13 = Azerbaiyan || 14 = Bahamas || 15 = Banglades || 16 = Barbados || 17 = Barein || 18 = Belgica || 19 = Belice || 20 = Benin || 21 = Bielorrusia || 22 = Birmania/Myanmar || 23 = Bolivia || 24 = Bosnia y Herzegovina || 25 = Botsuana || 26 = Brasil || 27 = Brunei || 28 = Bulgaria || 29 = Burkina Faso || 30 = Burundi || 31 = Butan || 32 = Cabo Verde || 33 = Camboya || 34 = Camerun || 35 = Canada || 36 = Catar || 37 = Chad || 38 = Chile || 39 = China || 40 = Chipre || 41 = Ciudad del Vaticano || 42 = Colombia || 43 = Comoras || 44 = Corea del Norte || 45 = Corea del Sur || 46 = Costa de Marfil || 47 = Costa Rica || 48 = Croacia || 49 = Cuba || 50 = Dinamarca || 51 = Dominica || 52 = Ecuador || 53 = Egipto || 54 = El Salvador || 55 = Emiratos Arabes Unidos || 56 = Eritrea || 57 = Eslovaquia || 58 = Eslovenia || 59 = España || 60 = Estados Unidos || 61 = Estonia || 62 = Etiopia || 63 = Filipinas || 64 = Finlandia || 65 = Fiyi || 66 = Francia || 67 = Gabon || 68 = Gambia || 69 = Georgia || 70 = Ghana || 71 = Granada || 72 = Grecia || 73 = Guatemala || 74 = Guinea || 75 = Guinea Ecuatorial || 76 = Guinea-Bisau || 77 = Guyana || 78 = Haiti || 79 = Honduras || 80 = Hungria || 81 = India || 82 = Indonesia || 83 = Irak || 84 = Iran || 85 = Irlanda || 86 = Islandia || 87 = Islas Marshall || 88 = Islas Salomon || 89 = Israel || 90 = Italia || 91 = Jamaica || 92 = Japon || 93 = Jordania || 94 = Kazajistan || 95 = Kenia || 96 = Kirguistan || 97 = Kiribati || 98 = Kuwait || 99 = Laos || 100 = Lesoto || 101 = Letonia || 102 = Libano || 103 = Liberia || 104 = Libia || 105 = Liechtenstein || 106 = Lituania || 107 = Luxemburgo || 108 = Madagascar || 109 = Malasia || 110 = Malaui || 111 = Maldivas || 112 = Mali || 113 = Malta || 114 = Marruecos || 115 = Mauricio || 116 = Mauritania || 117 = Mexico || 118 = Micronesia || 119 = Moldavia || 120 = Monaco || 121 = Mongolia || 122 = Montenegro || 123 = Mozambique || 124 = Namibia || 125 = Nauru || 126 = Nepal || 127 = Nicaragua || 128 = Niger || 129 = Nigeria || 130 = Noruega || 131 = Nueva Zelanda || 132 = Oman || 133 = Paises Bajos || 134 = Pakistan || 135 = Palaos || 136 = Panama || 137 = Papua Nueva Guinea || 138 = Paraguay || 139 = Polonia || 140 = Portugal || 141 = Reino Unido || 142 = Republica Centroafricana || 143 = Republica Checa || 144 = Republica de Macedonia || 145 = Republica de Sudafrica || 146 = Republica del Congo || 147 = Republica Democratica del Congo || 148 = Republica Dominicana || 149 = Ruanda || 150 = Rumania || 151 = Rusia || 152 = Samoa || 153 = San Cristobal y Nieves || 154 = San Marino || 155 = San Vicente y Las Granadinas || 156 = Santa Lucia || 157 = Santo Tome y Principe || 158 = Senegal || 159 = Serbia || 160 = Seychelles || 161 = Sierra Leona || 162 = Singapur || 163 = Siria || 164 = Somalia || 165 = Sri Lanka || 166 = Suazilandia || 167 = Sudan || 168 = Sudan del Sur || 169 = Suecia || 170 = Suiza || 171 = Surinam || 172 = Tailandia || 173 = Tanzania || 174 = Tayikistan || 175 = Timor Oriental || 176 = Togo || 177 = Tonga || 178 = Trinidad y Tobago || 179 = Tunez || 180 = Turkmenistan || 181 = Turquia || 182 = Tuvalu || 183 = Ucrania || 184 = Uganda || 185 = Uruguay || 186 = Uzbekistan || 187 = Vanuatu || 188 = Venezuela || 189 = Vietnam || 190 = Yemen || 191 = Yibuti || 192 = Zambia || 193 = Zimbabue,La persona usuaria tiene nacionalidad en el país de Afganistan || La persona usuaria tiene nacionalidad en el país de Albania || La persona usuaria tiene nacionalidad en el país de Alemania || La persona usuaria tiene nacionalidad en el país de Andorra || La persona usuaria tiene nacionalidad en el país de Angola || La persona usuaria tiene nacionalidad en el país de Antigua y Barbuda || La persona usuaria tiene nacionalidad en el país de Arabia Saudita || La persona usuaria tiene nacionalidad en el país de Argelia || La persona usuaria tiene nacionalidad en el país de Argentina || La persona usuaria tiene nacionalidad en el país de Armenia || La persona usuaria tiene nacionalidad en el país de Australia || La persona usuaria tiene nacionalidad en el país de Austria || La persona usuaria tiene nacionalidad en el país de Azerbaiyan || La persona usuaria tiene nacionalidad en el país de Bahamas || La persona usuaria tiene nacionalidad en el país de Banglades || La persona usuaria tiene nacionalidad en el país de Barbados || La persona usuaria tiene nacionalidad en el país de Barein || La persona usuaria tiene nacionalidad en el país de Belgica || La persona usuaria tiene nacionalidad en el país de Belice || La persona usuaria tiene nacionalidad en el país de Benin || La persona usuaria tiene nacionalidad en el país de Bielorrusia || La persona usuaria tiene nacionalidad en el país de Birmania/Myanmar || La persona usuaria tiene nacionalidad en el país de Bolivia || La persona usuaria tiene nacionalidad en el país de Bosnia y Herzegovina || La persona usuaria tiene nacionalidad en el país de Botsuana || La persona usuaria tiene nacionalidad en el país de Brasil || La persona usuaria tiene nacionalidad en el país de Brunei || La persona usuaria tiene nacionalidad en el país de Bulgaria || La persona usuaria tiene nacionalidad en el país de Burkina Faso || La persona usuaria tiene nacionalidad en el país de Burundi || La persona usuaria tiene nacionalidad en el país de Butan || La persona usuaria tiene nacionalidad en el país de Cabo Verde || La persona usuaria tiene nacionalidad en el país de Camboya || La persona usuaria tiene nacionalidad en el país de Camerun || La persona usuaria tiene nacionalidad en el país de Canada || La persona usuaria tiene nacionalidad en el país de Catar || La persona usuaria tiene nacionalidad en el país de Chad || La persona usuaria tiene nacionalidad en el país de Chile || La persona usuaria tiene nacionalidad en el país de China || La persona usuaria tiene nacionalidad en el país de Chipre || La persona usuaria tiene nacionalidad en el país de Ciudad del Vaticano || La persona usuaria tiene nacionalidad en el país de Colombia || La persona usuaria tiene nacionalidad en el país de Comoras || La persona usuaria tiene nacionalidad en el país de Corea del Norte || La persona usuaria tiene nacionalidad en el país de Corea del Sur || La persona usuaria tiene nacionalidad en el país de Costa de Marfil || La persona usuaria tiene nacionalidad en el país de Costa Rica || La persona usuaria tiene nacionalidad en el país de Croacia || La persona usuaria tiene nacionalidad en el país de Cuba || La persona usuaria tiene nacionalidad en el país de Dinamarca || La persona usuaria tiene nacionalidad en el país de Dominica || La persona usuaria tiene nacionalidad en el país de Ecuador || La persona usuaria tiene nacionalidad en el país de Egipto || La persona usuaria tiene nacionalidad en el país de El Salvador || La persona usuaria tiene nacionalidad en el país de Emiratos Arabes Unidos || La persona usuaria tiene nacionalidad en el país de Eritrea || La persona usuaria tiene nacionalidad en el país de Eslovaquia || La persona usuaria tiene nacionalidad en el país de Eslovenia || La persona usuaria tiene nacionalidad en el país de España || La persona usuaria tiene nacionalidad en el país de Estados Unidos || La persona usuaria tiene nacionalidad en el país de Estonia || La persona usuaria tiene nacionalidad en el país de Etiopia || La persona usuaria tiene nacionalidad en el país de Filipinas || La persona usuaria tiene nacionalidad en el país de Finlandia || La persona usuaria tiene nacionalidad en el país de Fiyi || La persona usuaria tiene nacionalidad en el país de Francia || La persona usuaria tiene nacionalidad en el país de Gabon || La persona usuaria tiene nacionalidad en el país de Gambia || La persona usuaria tiene nacionalidad en el país de Georgia || La persona usuaria tiene nacionalidad en el país de Ghana || La persona usuaria tiene nacionalidad en el país de Granada || La persona usuaria tiene nacionalidad en el país de Grecia || La persona usuaria tiene nacionalidad en el país de Guatemala || La persona usuaria tiene nacionalidad en el país de Guinea || La persona usuaria tiene nacionalidad en el país de Guinea Ecuatorial || La persona usuaria tiene nacionalidad en el país de Guinea-Bisau || La persona usuaria tiene nacionalidad en el país de Guyana || La persona usuaria tiene nacionalidad en el país de Haiti || La persona usuaria tiene nacionalidad en el país de Honduras || La persona usuaria tiene nacionalidad en el país de Hungria || La persona usuaria tiene nacionalidad en el país de India || La persona usuaria tiene nacionalidad en el país de Indonesia || La persona usuaria tiene nacionalidad en el país de Irak || La persona usuaria tiene nacionalidad en el país de Iran || La persona usuaria tiene nacionalidad en el país de Irlanda || La persona usuaria tiene nacionalidad en el país de Islandia || La persona usuaria tiene nacionalidad en el país de Islas Marshall || La persona usuaria tiene nacionalidad en el país de Islas Salomon || La persona usuaria tiene nacionalidad en el país de Israel || La persona usuaria tiene nacionalidad en el país de Italia || La persona usuaria tiene nacionalidad en el país de Jamaica || La persona usuaria tiene nacionalidad en el país de Japon || La persona usuaria tiene nacionalidad en el país de Jordania || La persona usuaria tiene nacionalidad en el país de Kazajistan || La persona usuaria tiene nacionalidad en el país de Kenia || La persona usuaria tiene nacionalidad en el país de Kirguistan || La persona usuaria tiene nacionalidad en el país de Kiribati || La persona usuaria tiene nacionalidad en el país de Kuwait || La persona usuaria tiene nacionalidad en el país de Laos || La persona usuaria tiene nacionalidad en el país de Lesoto || La persona usuaria tiene nacionalidad en el país de Letonia || La persona usuaria tiene nacionalidad en el país de Libano || La persona usuaria tiene nacionalidad en el país de Liberia || La persona usuaria tiene nacionalidad en el país de Libia || La persona usuaria tiene nacionalidad en el país de Liechtenstein || La persona usuaria tiene nacionalidad en el país de Lituania || La persona usuaria tiene nacionalidad en el país de Luxemburgo || La persona usuaria tiene nacionalidad en el país de Madagascar || La persona usuaria tiene nacionalidad en el país de Malasia || La persona usuaria tiene nacionalidad en el país de Malaui || La persona usuaria tiene nacionalidad en el país de Maldivas || La persona usuaria tiene nacionalidad en el país de Mali || La persona usuaria tiene nacionalidad en el país de Malta || La persona usuaria tiene nacionalidad en el país de Marruecos || La persona usuaria tiene nacionalidad en el país de Mauricio || La persona usuaria tiene nacionalidad en el país de Mauritania || La persona usuaria tiene nacionalidad en el país de Mexico || La persona usuaria tiene nacionalidad en el país de Micronesia || La persona usuaria tiene nacionalidad en el país de Moldavia || La persona usuaria tiene nacionalidad en el país de Monaco || La persona usuaria tiene nacionalidad en el país de Mongolia || La persona usuaria tiene nacionalidad en el país de Montenegro || La persona usuaria tiene nacionalidad en el país de Mozambique || La persona usuaria tiene nacionalidad en el país de Namibia || La persona usuaria tiene nacionalidad en el país de Nauru || La persona usuaria tiene nacionalidad en el país de Nepal || La persona usuaria tiene nacionalidad en el país de Nicaragua || La persona usuaria tiene nacionalidad en el país de Niger || La persona usuaria tiene nacionalidad en el país de Nigeria || La persona usuaria tiene nacionalidad en el país de Noruega || La persona usuaria tiene nacionalidad en el país de Nueva Zelanda || La persona usuaria tiene nacionalidad en el país de Oman || La persona usuaria tiene nacionalidad en el país de Paises Bajos || La persona usuaria tiene nacionalidad en el país de Pakistan || La persona usuaria tiene nacionalidad en el país de Palaos || La persona usuaria tiene nacionalidad en el país de Panama || La persona usuaria tiene nacionalidad en el país de Papua Nueva Guinea || La persona usuaria tiene nacionalidad en el país de Paraguay || La persona usuaria tiene nacionalidad en el país de Polonia || La persona usuaria tiene nacionalidad en el país de Portugal || La persona usuaria tiene nacionalidad en el país de Reino Unido || La persona usuaria tiene nacionalidad en el país de Republica Centroafricana || La persona usuaria tiene nacionalidad en el país de Republica Checa || La persona usuaria tiene nacionalidad en el país de Republica de Macedonia || La persona usuaria tiene nacionalidad en el país de Republica de Sudafrica || La persona usuaria tiene nacionalidad en el país de Republica del Congo || La persona usuaria tiene nacionalidad en el país de Republica Democratica del Congo || La persona usuaria tiene nacionalidad en el país de Republica Dominicana || La persona usuaria tiene nacionalidad en el país de Ruanda || La persona usuaria tiene nacionalidad en el país de Rumania || La persona usuaria tiene nacionalidad en el país de Rusia || La persona usuaria tiene nacionalidad en el país de Samoa || La persona usuaria tiene nacionalidad en el país de San Cristobal y Nieves || La persona usuaria tiene nacionalidad en el país de San Marino || La persona usuaria tiene nacionalidad en el país de San Vicente y Las Granadinas || La persona usuaria tiene nacionalidad en el país de Santa Lucia || La persona usuaria tiene nacionalidad en el país de Santo Tome y Principe || La persona usuaria tiene nacionalidad en el país de Senegal || La persona usuaria tiene nacionalidad en el país de Serbia || La persona usuaria tiene nacionalidad en el país de Seychelles || La persona usuaria tiene nacionalidad en el país de Sierra Leona || La persona usuaria tiene nacionalidad en el país de Singapur || La persona usuaria tiene nacionalidad en el país de Siria || La persona usuaria tiene nacionalidad en el país de Somalia || La persona usuaria tiene nacionalidad en el país de Sri Lanka || La persona usuaria tiene nacionalidad en el país de Suazilandia || La persona usuaria tiene nacionalidad en el país de Sudan || La persona usuaria tiene nacionalidad en el país de Sudan del Sur || La persona usuaria tiene nacionalidad en el país de Suecia || La persona usuaria tiene nacionalidad en el país de Suiza || La persona usuaria tiene nacionalidad en el país de Surinam || La persona usuaria tiene nacionalidad en el país de Tailandia || La persona usuaria tiene nacionalidad en el país de Tanzania || La persona usuaria tiene nacionalidad en el país de Tayikistan || La persona usuaria tiene nacionalidad en el país de Timor Oriental || La persona usuaria tiene nacionalidad en el país de Togo || La persona usuaria tiene nacionalidad en el país de Tonga || La persona usuaria tiene nacionalidad en el país de Trinidad y Tobago || La persona usuaria tiene nacionalidad en el país de Tunez || La persona usuaria tiene nacionalidad en el país de Turkmenistan || La persona usuaria tiene nacionalidad en el país de Turquia || La persona usuaria tiene nacionalidad en el país de Tuvalu || La persona usuaria tiene nacionalidad en el país de Ucrania || La persona usuaria tiene nacionalidad en el país de Uganda || La persona usuaria tiene nacionalidad en el país de Uruguay || La persona usuaria tiene nacionalidad en el país de Uzbekistan || La persona usuaria tiene nacionalidad en el país de Vanuatu || La persona usuaria tiene nacionalidad en el país de Venezuela || La persona usuaria tiene nacionalidad en el país de Vietnam || La persona usuaria tiene nacionalidad en el país de Yemen || La persona usuaria tiene nacionalidad en el país de Yibuti || La persona usuaria tiene nacionalidad en el país de Zambia || La persona usuaria tiene nacionalidad en el país de Zimbabue,MD RA CEM pea.xlsx / Casos CEM
11,VICTIMA_CARNE_EXTRANJERIA,¿La persona usuaria cuenta con carné de extranjería?,Numérico,1,No,0 = No || 1 = Si,La persona usuaria no cuenta con carné de extranjería || La persona usuaria si cuenta con carné de extranjería,MD RA CEM pea.xlsx / Casos CEM
12,VICTIMA_SOLICITANTE_REFUGIO,La persona usuaria es Solicitante de Refugio,Numérico,1,No,1 = Si,La persona usuaria tiene situación migratoria como Solicitante de Refugio,MD RA CEM pea.xlsx / Casos CEM
13,VICTIMA_REFUGIADO,La persona usuaria es Refugiado,Numérico,1,No,1 = Si,La persona usuaria tiene situación migratoria como Refugiado,MD RA CEM pea.xlsx / Casos CEM
14,VICTIMA_SOLICITANTE_ASILO,La persona usuaria es Solicitante de Asilo,Numérico,1,No,1 = Si,La persona usuaria tiene situación migratoria como Solicitante de Asilo,MD RA CEM pea.xlsx / Casos CEM
15,VICTIMA_ASILADO,La persona usuaria es Asilado,Numérico,1,No,1 = Si,La persona usuaria tiene situación migratoria como Asilado,MD RA CEM pea.xlsx / Casos CEM
16,VICTIMA_APATRIDA,La persona usuaria es Apátrida,Numérico,1,No,1 = Si,La persona usuaria tiene situación migratoria como Apátrida,MD RA CEM pea.xlsx / Casos CEM
17,VICTIMA_OTRA_SIT_MIGR,La persona usuaria tiene otra situación migratoria,Numérico,1,No,1 = Si,La persona usuaria tiene otra situación migratoria,MD RA CEM pea.xlsx / Casos CEM
18,VICTIMA_NINGUNA_SIT_MIGR,La persona usuaria no tiene situación migratoria,Numérico,1,No,1 = Si,La persona usuaria no tiene situación migratoria,MD RA CEM pea.xlsx / Casos CEM
19,EDAD_VICTIMA,Edad de la persona usuaria,Numérico,3,Si,No tiene,Edad de la persona usuaria en años cumplidos en el día que acude al CEM,MD RA CEM pea.xlsx / Casos CEM
20,SEXO_VICTIMA,Sexo de la persona usuaria,Numérico,1,Si,0 = Mujer || 1 = Hombre,"La persona usuaria es mujer, según sexo consignado en su DNI || La persona usuaria es hombre, según sexo consignado en su DNI",MD RA CEM pea.xlsx / Casos CEM
21,VICTIMA_GESTANDO,¿Está gestando la persona usuaria?,Numérico,1,No,0 = No || 1 = Si,La persona usuaria no está gestando al momento de acudir al CEM || La persona usuaria si está gestando al momento de acudir al CEM,MD RA CEM pea.xlsx / Casos CEM
22,HIJAS_VIVAS_0_17,Número de hijas de 0 a 17 años (Actualmente vivas),Numérico,2,Si,No tiene,"Número de hijas de 0 a 17 años que se encuentran actualmente vivas, al momento de acudir al CEM",MD RA CEM pea.xlsx / Casos CEM
23,HIJOS_VIVOS_0_17,Número de hijos de 0 a 17 años (Actualmente vivos),Numérico,2,Si,No tiene,"Número de hijos de 0 a 17 años que se encuentran actualmente vivos, al momento de acudir al CEM",MD RA CEM pea.xlsx / Casos CEM
24,HIJAS_VIVAS_18_MAS,Número de hijas de 18 a más años (Actualmente vivas),Numérico,2,Si,No tiene,"Número de hijas de 18 a más años que se encuentran actualmente vivas, al momento de acudir al CEM",MD RA CEM pea.xlsx / Casos CEM
25,HIJOS_VIVOS_18_MAS,Número de hijos de 18 a más años (Actualmente vivos),Numérico,2,Si,No tiene,"Número de hijos de 18 a más años que se encuentran actualmente vivos, al momento de acudir al CEM",MD RA CEM pea.xlsx / Casos CEM
26,LENGUA_MATERNA_VICTIMA,¿Cuál es el idioma o lengua materna con el que aprendió a hablar en su niñez?,Numérico,2,No,1 = Quechua || 2 = Aimara || 3 = Asháninka || 4 = Awajún / Aguaruna || 5 = Shipibo - Konibo || 6 = Shawi / Chayahuita || 7 = Matsigenka / Machiguenga || 8 = Achuar || 9 = Otra lengua indígena u originaria || 10 = Castellano || 11 = Portugués || 12 = Otra lengua extranjera || 13 = Lengua de señas peruanas || 14 = No escucha/o ni habla/o || 15 = No sabe / no responde,La lengua materna de la persona usuaria es Quechua || La lengua materna de la persona usuaria es Aimara || La lengua materna de la persona usuaria es Asháninka || La lengua materna de la persona usuaria es Awajún / Aguaruna || La lengua materna de la persona usuaria es Shipibo - Konibo || La lengua materna de la persona usuaria es Shawi / Chayahuita || La lengua materna de la persona usuaria es Matsigenka / Machiguenga || La lengua materna de la persona usuaria es Achuar || La persona usuaria tiene otra lengua indígena u originaria || La lengua materna de la persona usuaria es Castellano || La lengua materna de la persona usuaria es Portugués || La persona usuaria tiene otra lengua extranjera || La persona usuaria usa Lengua de señas peruanas || La persona usuaria no escucha/o ni habla/o || La persona usuaria no sabe / no responde sobre su idioma o lengua materna,MD RA CEM pea.xlsx / Casos CEM
27,ETNIA_VICTIMA,"Por sus costumbres y sus antepasados, la persona usuaria se siente o considera",Numérico,1,No,"1 = Quechua || 2 = Aimara || 3 = Indígena u originario de la Amazonía || 4 = Perteneciente o parte de otro pueblo indígena u originario || 5 = Negro, moreno, zambo, mulato, afrodescendiente o parte del pueblo afroperuano || 6 = Blanco || 7 = Mestizo || 8 = Otro || 9 = No sabe / no responde","La persona usuaria se autoidentifica como Quechua || La persona usuaria se autoidentifica como Aimara || La persona usuaria se autoidentifica como Indígena u originario de la Amazonía || La persona usuaria se autoidentifica como Perteneciente o parte de otro pueblo indígena u originario || La persona usuaria se autoidentifica como Negro, moreno, zambo, mulato, afrodescendiente o parte del pueblo afroperuano || La persona usuaria se autoidentifica como Blanco || La persona usuaria se autoidentifica como Mestizo || La persona usuaria se autoidentifica con otro grupo étnico || La persona usuaria no sabe / no responde sobre su autoidentificación étnica",MD RA CEM pea.xlsx / Casos CEM
28,DPTO_DOMICILIO,Departamento de lugar de residencia de la persona usuaria,Cadena,2,Si,No tiene,Código de UBIGEO del departamento del lugar de residencia de la persona usuaria,MD RA CEM pea.xlsx / Casos CEM
29,PROV_DOMICILIO,Provincia de lugar de residencia de la persona usuaria,Cadena,2,Si,No tiene,Código de UBIGEO de la provincia del lugar de residencia de la persona usuaria,MD RA CEM pea.xlsx / Casos CEM
30,DIST_DOMICILIO,Distrito de lugar de residencia de la persona usuaria,Cadena,2,Si,No tiene,Código de UBIGEO del distrito del lugar de residencia de la persona usuaria,MD RA CEM pea.xlsx / Casos CEM
31,CENTRO_POBLADO_DOMICILIO,Centro Poblado de lugar de residencia de la persona usuaria,Cadena,4,Si,No tiene,Código de UBIGEO del centro poblado del lugar de residencia de la persona usuaria,MD RA CEM pea.xlsx / Casos CEM
32,AREA_RESIDENCIA_DOMICILIO,Área de residencia del domicilio de la persona usuaria,Numérico,1,Si,1 = Urbana || 2 = Rural,El área de residencia del domicilio de la persona usuaria es urbana || El área de residencia del domicilio de la persona usuaria es rural,MD RA CEM pea.xlsx / Casos CEM
33,ESTADO_CIVIL_VICTIMA,Estado civil de la persona usuaria,Numérico,1,Si,1 = Soltero/a || 2 = Casado/a || 3 = Divorciado/a || 4 = Viudo/a,El estado civil de la persona usuaria es Soltero/a || El estado civil de la persona usuaria es Casado/a || El estado civil de la persona usuaria es Divorciado/a || El estado civil de la persona usuaria es Viudo/a,MD RA CEM pea.xlsx / Casos CEM
34,NIVEL_EDUCATIVO_VICTIMA,Nivel Educativo de la persona usuaria,Numérico,2,Si,1 = Sin nivel || 2 = Inicial || 3 = Primaria Incompleta || 4 = Primaria Completa || 5 = Secundaria Incompleta || 6 = Secundaria Completa || 7 = Superior No Universitaria Incompleta || 8 = Superior No Universitaria Completa || 9 = Superior Universitaria Incompleta || 10 = Superior Universitaria Completa || 11 = Básica Especial || 12 = Maestría / Doctorado,El nivel educativo de la persona usuaria es Sin nivel || El nivel educativo de la persona usuaria es Inicial || El nivel educativo de la persona usuaria es Primaria Incompleta || El nivel educativo de la persona usuaria es Primaria Completa || El nivel educativo de la persona usuaria es Secundaria Incompleta || El nivel educativo de la persona usuaria es Secundaria Completa || El nivel educativo de la persona usuaria es Superior No Universitaria Incompleta || El nivel educativo de la persona usuaria es Superior No Universitaria Completa || El nivel educativo de la persona usuaria es Superior Universitaria Incompleta || El nivel educativo de la persona usuaria es Superior Universitaria Completa || El nivel educativo de la persona usuaria es Básica Especial || El nivel educativo de la persona usuaria es Maestría / Doctorado,MD RA CEM pea.xlsx / Casos CEM
35,ESTUDIA,"¿Actualmente la persona usuaria estudia en una I.E./Colegio, Instituto Superior, Universidad u otro?",Numérico,1,Si,0 = No || 1 = Si,"La persona usuaria no estudia en una I.E./Colegio, Instituto Superior, Universidad u otro, al momento de acudir al CEM || La persona usuaria si estudia en una I.E./Colegio, Instituto Superior, Universidad u otro, al momento de acudir al CEM",MD RA CEM pea.xlsx / Casos CEM
36,LUGAR_ESTUDIA,¿En dónde estudia?,Numérico,1,No,1 = I.E. / Colegio || 2 = Instituto Superior || 3 = Universidad || 4 = Otro,La persona usuaria estudia en una I.E. / Colegio || La persona usuaria estudia en un Instituto Superior || La persona usuaria estudia en una Universidad || La persona usuaria estudia en otra instancia educativa,MD RA CEM pea.xlsx / Casos CEM
37,TIPO_GESTION_ESTUDIA,Tipo de gestión del lugar donde estudia la persona usuaria,Numérico,1,No,1 = Pública || 2 = Privada,El tipo de gestión del lugar donde estudia la persona usuaria es pública || El tipo de gestión del lugar donde estudia la persona usuaria es privada,MD RA CEM pea.xlsx / Casos CEM
38,TRABAJA_VICTIMA,¿La persona usuaria cuenta con un trabajo remunerado u ocupación para generar ingresos propios?,Numérico,1,Si,0 = No || 1 = Si,La persona usuaria no cuenta con un trabajo remunerado u ocupación para generar ingresos propios || La persona usuaria si cuenta con un trabajo remunerado u ocupación para generar ingresos propios,MD RA CEM pea.xlsx / Casos CEM
39,OCUPACION_VICTIMA,Ocupación de la persona usuaria,Numérico,3,No,"1 = Abogado/a || 2 = Actor/Actriz, El o la Artista, Director/a de Espectáculos, Coreógrafo/a, El o la Modelo, Músico, Escenógrafo/a y Bailarines/as || 3 = Actuario/a || 4 = Administrador/a || 5 = Aduanero/a, El o la Agente de Aduanas, El o la Inspector de Frontera || 6 = Aeromozo/a, Azafata || 7 = El o la Agente, Intermediario/a o Corredor/a de Inmobiliario || 8 = El o la Agente de Bolsa || 9 = El o la Agente de Inmigración/Migración || 10 = El o la Agente de Turismo/Viajes || 11 = El o la Agente, Intermediario/a o Corredor/a de Seguros || 12 = Agrónomo/a, Agrólogo/a, Arboricultor/a, Agrimensor/a, Topógrafo/a, Geógrafo/a || 13 = El o la Albañil, Obrero/a de Construcción || 14 = El o la Analista de Sistemas y Computación || 15 = Antropólogo/a, Arqueólogo/a y Etnólogo/a || 16 = Archivero/a || 17 = Armador/a de Barco || 18 = Arquitecto/a || 19 = Artesano/a || 20 = Asistente/a Social || 21 = Autor/a Literario/a, Escritor/a y Crítico/a || 22 = Avicultor/a || 23 = Bacteriólogo/a, Farmacólogo/a, Biólogo/a, Científico/a || 24 = Basurero/a, Barrendero/a || 25 = Cajero/a || 26 = Camarero/a, Barman, Mesero/a, Cocinero/a || 27 = El o la Cambista, Compra/Venta de Moneda || 28 = Campesino/a, Agricultor/a || 29 = El o la Capataz || 30 = Cargador/a || 31 = Carpintero/a || 32 = Cartero/a || 33 = Cerrajero/a || 34 = Cobrador/a || 35 = Comerciante, Vendedor/a || 36 = Conductor/a, Chofer, Taxista, Mototaxista || 37 = El o la Conserje, Portero/a, Guardian/a, Vigilante || 38 = Constructor/a || 39 = Contador/a || 40 = El o la Contratista || 41 = Corte y Confección de Ropa, Fabricante de Prendas || 42 = Cosmetólogo/a, Peluquero/a y Barbero || 43 = Decorador/a, Dibujante, Publicista, Diseñador/a de Publicidad || 44 = Dentista, Odontólogo/a || 45 = Deportista Profesional, Atleta, Arbitro/a, Entrenador/a Deportivo/a || 46 = Distribuidor/a || 47 = El o la Docente || 48 = El o la Economista || 49 = El o la Electricista || 50 = Empleado/a del Hogar, Nana || 51 = Empresario/a Exportador/a o Empresario/a Importador/a || 52 = Enfermero/a || 53 = Ensamblador/a || 54 = Escultor/a || 55 = Fotógrafo/a, Operador/a de Cámara, Cine y TV, Locutor/a de Radio y TV, El o la Guionista || 56 = Ganadero/a || 57 = Gasfitero/a || 58 = Historiador/a || 59 = Ingeniero/a || 60 = El o la Intérprete, Traductor/a || 61 = Jardinero/a || 62 = Jockey || 63 = Joyero/a y/o Platero/a, Orfebre || 64 = Laboratorista (Técnico/a) || 65 = Liquidador/a, Reclamaciones/Seguros || 66 = El o la Maquinista, Operador/a de Maquinaria || 67 = Martillero/a, Subastador/a || 68 = El o la Mayorista, Comercio al por mayor || 69 = Mecánico/a || 70 = Médico, Cirujano/a || 71 = Metalurgista || 72 = Integrante de las Fuerzas Armadas || 73 = Nutricionista || 74 = Obrero/a, Operador/a || 75 = El o la Obstetra || 76 = Organizador/a de Eventos || 77 = Panadero/a, Pastelero/a || 78 = Paramédico/a || 79 = El o la Periodista || 80 = Perito/a || 81 = Pescador/a || 82 = Piloto || 83 = Pintor/a || 84 = Policía Municipal || 85 = Policía PNP || 86 = Productor/a de Cine, Radio, Televisión, Teatro || 87 = Productor/a de Cultivos extensivos || 88 = Programador/a || 89 = Psicólogo/a, El o la Terapeuta || 90 = Quiropráctico/a, Kinesiterapeuta (Kinesiólogo/a) || 91 = Relacionista Público/a e Industrial || 92 = Relojero/a || 93 = Reparación de Automóviles, Pintor/a retocador/a || 94 = Reparador/a de aparatos electrodomésticos || 95 = Repartidor/a || 96 = Sacerdote, Monja || 97 = Secretario/a, El o la Recepcionista, El o la Telefonista || 98 = Seguridad, Guardaespaldas, Guardia de Seguridad || 99 = Servicio de Almacenamiento, Almacenero/a || 100 = Servicio de Alquiler de Vehículos || 101 = Servicio de Alquiler de Videos y/o Equipos de sonido || 102 = Sociólogo/a || 103 = Tasador/a || 104 = Técnico/a || 105 = Torero/a || 106 = Tramitador/a || 107 = Transporte de Carga y/o Mudanza || 108 = Transportista || 109 = Vendedor/a Ambulante || 110 = Veterinario/a, Zoólogo/a, Zootécnico/a || 111 = Visitador/a Médico/a || 112 = Zapatero/a || 113 = Otra Ocupación","La ocupación de la persona usuaria es Abogado/a || La ocupación de la persona usuaria es Actor/Actriz, El o la Artista, Director/a de Espectáculos, Coreógrafo/a, El o la Modelo, Músico, Escenógrafo/a y Bailarines/as || La ocupación de la persona usuaria es Actuario/a || La ocupación de la persona usuaria es Administrador/a || La ocupación de la persona usuaria es Aduanero/a, El o la Agente de Aduanas, El o la Inspector de Frontera || La ocupación de la persona usuaria es Aeromozo/a, Azafata || La ocupación de la persona usuaria es El o la Agente, Intermediario/a o Corredor/a de Inmobiliario || La ocupación de la persona usuaria es El o la Agente de Bolsa || La ocupación de la persona usuaria es El o la Agente de Inmigración/Migración || La ocupación de la persona usuaria es El o la Agente de Turismo/Viajes || La ocupación de la persona usuaria es El o la Agente, Intermediario/a o Corredor/a de Seguros || La ocupación de la persona usuaria es Agrónomo/a, Agrólogo/a, Arboricultor/a, Agrimensor/a, Topógrafo/a, Geógrafo/a || La ocupación de la persona usuaria es El o la Albañil, Obrero/a de Construcción || La ocupación de la persona usuaria es El o la Analista de Sistemas y Computación || La ocupación de la persona usuaria es Antropólogo/a, Arqueólogo/a y Etnólogo/a || La ocupación de la persona usuaria es Archivero/a || La ocupación de la persona usuaria es Armador/a de Barco || La ocupación de la persona usuaria es Arquitecto/a || La ocupación de la persona usuaria es Artesano/a || La ocupación de la persona usuaria es Asistente/a Social || La ocupación de la persona usuaria es Autor/a Literario/a, Escritor/a y Crítico/a || La ocupación de la persona usuaria es Avicultor/a || La ocupación de la persona usuaria es Bacteriólogo/a, Farmacólogo/a, Biólogo/a, Científico/a || La ocupación de la persona usuaria es Basurero/a, Barrendero/a || La ocupación de la persona usuaria es Cajero/a || La ocupación de la persona usuaria es Camarero/a, Barman, Mesero/a, Cocinero/a || La ocupación de la persona usuaria es El o la Cambista, Compra/Venta de Moneda || La ocupación de la persona usuaria es Campesino/a, Agricultor/a || La ocupación de la persona usuaria es El o la Capataz || La ocupación de la persona usuaria es Cargador/a || La ocupación de la persona usuaria es Carpintero/a || La ocupación de la persona usuaria es Cartero/a || La ocupación de la persona usuaria es Cerrajero/a || La ocupación de la persona usuaria es Cobrador/a || La ocupación de la persona usuaria es Comerciante, Vendedor/a || La ocupación de la persona usuaria es Conductor/a, Chofer, Taxista, Mototaxista || La ocupación de la persona usuaria es El o la Conserje, Portero/a, Guardian/a, Vigilante || La ocupación de la persona usuaria es Constructor/a || La ocupación de la persona usuaria es Contador/a || La ocupación de la persona usuaria es El o la Contratista || La ocupación de la persona usuaria es Corte y Confección de Ropa, Fabricante de Prendas || La ocupación de la persona usuaria es Cosmetólogo/a, Peluquero/a y Barbero || La ocupación de la persona usuaria es Decorador/a, Dibujante, Publicista, Diseñador/a de Publicidad || La ocupación de la persona usuaria es Dentista, Odontólogo/a || La ocupación de la persona usuaria es Deportista Profesional, Atleta, Arbitro/a, Entrenador/a Deportivo/a || La ocupación de la persona usuaria es Distribuidor/a || La ocupación de la persona usuaria es El o la Docente || La ocupación de la persona usuaria es El o la Economista || La ocupación de la persona usuaria es El o la Electricista || La ocupación de la persona usuaria es Empleado/a del Hogar, Nana || La ocupación de la persona usuaria es Empresario/a Exportador/a o Empresario/a Importador/a || La ocupación de la persona usuaria es Enfermero/a || La ocupación de la persona usuaria es Ensamblador/a || La ocupación de la persona usuaria es Escultor/a || La ocupación de la persona usuaria es Fotógrafo/a, Operador/a de Cámara, Cine y TV, Locutor/a de Radio y TV, El o la Guionista || La ocupación de la persona usuaria es Ganadero/a || La ocupación de la persona usuaria es Gasfitero/a || La ocupación de la persona usuaria es Historiador/a || La ocupación de la persona usuaria es Ingeniero/a || La ocupación de la persona usuaria es El o la Intérprete, Traductor/a || La ocupación de la persona usuaria es Jardinero/a || La ocupación de la persona usuaria es Jockey || La ocupación de la persona usuaria es Joyero/a y/o Platero/a, Orfebre || La ocupación de la persona usuaria es Laboratorista (Técnico/a) || La ocupación de la persona usuaria es Liquidador/a, Reclamaciones/Seguros || La ocupación de la persona usuaria es El o la Maquinista, Operador/a de Maquinaria || La ocupación de la persona usuaria es Martillero/a, Subastador/a || La ocupación de la persona usuaria es El o la Mayorista, Comercio al por mayor || La ocupación de la persona usuaria es Mecánico/a || La ocupación de la persona usuaria es Médico, Cirujano/a || La ocupación de la persona usuaria es Metalurgista || La ocupación de la persona usuaria es Integrante de las Fuerzas Armadas || La ocupación de la persona usuaria es Nutricionista || La ocupación de la persona usuaria es Obrero/a, Operador/a || La ocupación de la persona usuaria es El o la Obstetra || La ocupación de la persona usuaria es Organizador/a de Eventos || La ocupación de la persona usuaria es Panadero/a, Pastelero/a || La ocupación de la persona usuaria es Paramédico/a || La ocupación de la persona usuaria es El o la Periodista || La ocupación de la persona usuaria es Perito/a || La ocupación de la persona usuaria es Pescador/a || La ocupación de la persona usuaria es Piloto || La ocupación de la persona usuaria es Pintor/a || La ocupación de la persona usuaria es Policía Municipal || La ocupación de la persona usuaria es Policía PNP || La ocupación de la persona usuaria es Productor/a de Cine, Radio, Televisión, Teatro || La ocupación de la persona usuaria es Productor/a de Cultivos extensivos || La ocupación de la persona usuaria es Programador/a || La ocupación de la persona usuaria es Psicólogo/a, El o la Terapeuta || La ocupación de la persona usuaria es Quiropráctico/a, Kinesiterapeuta (Kinesiólogo/a) || La ocupación de la persona usuaria es Relacionista Público/a e Industrial || La ocupación de la persona usuaria es Relojero/a || La ocupación de la persona usuaria es Reparación de Automóviles, Pintor/a retocador/a || La ocupación de la persona usuaria es Reparador/a de aparatos electrodomésticos || La ocupación de la persona usuaria es Repartidor/a || La ocupación de la persona usuaria es Sacerdote, Monja || La ocupación de la persona usuaria es Secretario/a, El o la Recepcionista, El o la Telefonista || La ocupación de la persona usuaria es Seguridad, Guardaespaldas, Guardia de Seguridad || La ocupación de la persona usuaria es Servicio de Almacenamiento, Almacenero/a || La ocupación de la persona usuaria es Servicio de Alquiler de Vehículos || La ocupación de la persona usuaria es Servicio de Alquiler de Videos y/o Equipos de sonido || La ocupación de la persona usuaria es Sociólogo/a || La ocupación de la persona usuaria es Tasador/a || La ocupación de la persona usuaria es Técnico/a || La ocupación de la persona usuaria es Torero/a || La ocupación de la persona usuaria es Tramitador/a || La ocupación de la persona usuaria es Transporte de Carga y/o Mudanza || La ocupación de la persona usuaria es Transportista || La ocupación de la persona usuaria es Vendedor/a Ambulante || La ocupación de la persona usuaria es Veterinario/a, Zoólogo/a, Zootécnico/a || La ocupación de la persona usuaria es Visitador/a Médico/a || La ocupación de la persona usuaria es Zapatero/a || La persona usuaria tiene otra ocupación",MD RA CEM pea.xlsx / Casos CEM
40,SIS_SEGURO,La persona usuaria tiene Seguro Integral de Salud (SIS),Numérico,1,No,1 = Si,La persona usuaria tiene Seguro Integral de Salud (SIS),MD RA CEM pea.xlsx / Casos CEM
41,ESSALUD_SEGURO,La persona usuaria tiene ESSALUD,Numérico,1,No,1 = Si,La persona usuaria tiene ESSALUD,MD RA CEM pea.xlsx / Casos CEM
42,PRIVADO_SEGURO,La persona usuaria tiene seguro privado,Numérico,1,No,1 = Si,La persona usuaria tiene Seguro privado,MD RA CEM pea.xlsx / Casos CEM
43,PNP_SEGURO,La persona usuaria tiene seguro de la PNP/FFAA,Numérico,1,No,1 = Si,La persona usuaria tiene seguro de la PNP/FFAA,MD RA CEM pea.xlsx / Casos CEM
44,OTRO_SEGURO,La persona usuaria tiene otro seguro médico,Numérico,1,No,1 = Si,La persona usuaria tiene otro seguro médico,MD RA CEM pea.xlsx / Casos CEM
45,NINGUN_SEGURO,La persona usuaria no tiene seguro médico,Numérico,1,No,1 = Si,La persona usuaria no tiene seguro médico,MD RA CEM pea.xlsx / Casos CEM
46,DISCAPACIDAD_VICTIMA,¿La persona usuaria presenta algún tipo de discapacidad?,Numérico,1,Si,0 = No || 1 = Si,La persona usuaria no presenta algún tipo de discapacidad || La persona usuaria si presenta algún tipo de discapacidad,MD RA CEM pea.xlsx / Casos CEM
47,AGRESOR_PERUANO,¿La presunta persona agresora es peruano/a?,Numérico,1,No,0 = No || 1 = Si,La presunta persona agresora no es peruano/a || La presunta persona agresora es peruano/a,MD RA CEM pea.xlsx / Casos CEM
48,AGRESOR_CUENTA_DNI,¿La presunta persona agresora cuenta con DNI?,Numérico,1,No,0 = No || 1 = Si,La presunta persona agresora no cuenta con DNI || La presunta persona agresora si cuenta con DNI,MD RA CEM pea.xlsx / Casos CEM
49,AGRESOR_EXTRANJERO,¿La presunta persona agresora es extranjero/a?,Numérico,1,No,0 = No || 1 = Si,La presunta persona agresora no es extranjero/a || La presunta persona agresora es extranjero/a,MD RA CEM pea.xlsx / Casos CEM
50,AGRESOR_PAIS_EXTRANJERO,País de la nacionalidad extranjera de la presunta persona agresora,Numérico,3,No,1 = Afganistan || 2 = Albania || 3 = Alemania || 4 = Andorra || 5 = Angola || 6 = Antigua y Barbuda || 7 = Arabia Saudita || 8 = Argelia || 9 = Argentina || 10 = Armenia || 11 = Australia || 12 = Austria || 13 = Azerbaiyan || 14 = Bahamas || 15 = Banglades || 16 = Barbados || 17 = Barein || 18 = Belgica || 19 = Belice || 20 = Benin || 21 = Bielorrusia || 22 = Birmania/Myanmar || 23 = Bolivia || 24 = Bosnia y Herzegovina || 25 = Botsuana || 26 = Brasil || 27 = Brunei || 28 = Bulgaria || 29 = Burkina Faso || 30 = Burundi || 31 = Butan || 32 = Cabo Verde || 33 = Camboya || 34 = Camerun || 35 = Canada || 36 = Catar || 37 = Chad || 38 = Chile || 39 = China || 40 = Chipre || 41 = Ciudad del Vaticano || 42 = Colombia || 43 = Comoras || 44 = Corea del Norte || 45 = Corea del Sur || 46 = Costa de Marfil || 47 = Costa Rica || 48 = Croacia || 49 = Cuba || 50 = Dinamarca || 51 = Dominica || 52 = Ecuador || 53 = Egipto || 54 = El Salvador || 55 = Emiratos Arabes Unidos || 56 = Eritrea || 57 = Eslovaquia || 58 = Eslovenia || 59 = España || 60 = Estados Unidos || 61 = Estonia || 62 = Etiopia || 63 = Filipinas || 64 = Finlandia || 65 = Fiyi || 66 = Francia || 67 = Gabon || 68 = Gambia || 69 = Georgia || 70 = Ghana || 71 = Granada || 72 = Grecia || 73 = Guatemala || 74 = Guinea || 75 = Guinea Ecuatorial || 76 = Guinea-Bisau || 77 = Guyana || 78 = Haiti || 79 = Honduras || 80 = Hungria || 81 = India || 82 = Indonesia || 83 = Irak || 84 = Iran || 85 = Irlanda || 86 = Islandia || 87 = Islas Marshall || 88 = Islas Salomon || 89 = Israel || 90 = Italia || 91 = Jamaica || 92 = Japon || 93 = Jordania || 94 = Kazajistan || 95 = Kenia || 96 = Kirguistan || 97 = Kiribati || 98 = Kuwait || 99 = Laos || 100 = Lesoto || 101 = Letonia || 102 = Libano || 103 = Liberia || 104 = Libia || 105 = Liechtenstein || 106 = Lituania || 107 = Luxemburgo || 108 = Madagascar || 109 = Malasia || 110 = Malaui || 111 = Maldivas || 112 = Mali || 113 = Malta || 114 = Marruecos || 115 = Mauricio || 116 = Mauritania || 117 = Mexico || 118 = Micronesia || 119 = Moldavia || 120 = Monaco || 121 = Mongolia || 122 = Montenegro || 123 = Mozambique || 124 = Namibia || 125 = Nauru || 126 = Nepal || 127 = Nicaragua || 128 = Niger || 129 = Nigeria || 130 = Noruega || 131 = Nueva Zelanda || 132 = Oman || 133 = Paises Bajos || 134 = Pakistan || 135 = Palaos || 136 = Panama || 137 = Papua Nueva Guinea || 138 = Paraguay || 139 = Polonia || 140 = Portugal || 141 = Reino Unido || 142 = Republica Centroafricana || 143 = Republica Checa || 144 = Republica de Macedonia || 145 = Republica de Sudafrica || 146 = Republica del Congo || 147 = Republica Democratica del Congo || 148 = Republica Dominicana || 149 = Ruanda || 150 = Rumania || 151 = Rusia || 152 = Samoa || 153 = San Cristobal y Nieves || 154 = San Marino || 155 = San Vicente y Las Granadinas || 156 = Santa Lucia || 157 = Santo Tome y Principe || 158 = Senegal || 159 = Serbia || 160 = Seychelles || 161 = Sierra Leona || 162 = Singapur || 163 = Siria || 164 = Somalia || 165 = Sri Lanka || 166 = Suazilandia || 167 = Sudan || 168 = Sudan del Sur || 169 = Suecia || 170 = Suiza || 171 = Surinam || 172 = Tailandia || 173 = Tanzania || 174 = Tayikistan || 175 = Timor Oriental || 176 = Togo || 177 = Tonga || 178 = Trinidad y Tobago || 179 = Tunez || 180 = Turkmenistan || 181 = Turquia || 182 = Tuvalu || 183 = Ucrania || 184 = Uganda || 185 = Uruguay || 186 = Uzbekistan || 187 = Vanuatu || 188 = Venezuela || 189 = Vietnam || 190 = Yemen || 191 = Yibuti || 192 = Zambia || 193 = Zimbabue,La presunta persona agresora tiene nacionalidad en el país de Afganistan || La presunta persona agresora tiene nacionalidad en el país de Albania || La presunta persona agresora tiene nacionalidad en el país de Alemania || La presunta persona agresora tiene nacionalidad en el país de Andorra || La presunta persona agresora tiene nacionalidad en el país de Angola || La presunta persona agresora tiene nacionalidad en el país de Antigua y Barbuda || La presunta persona agresora tiene nacionalidad en el país de Arabia Saudita || La presunta persona agresora tiene nacionalidad en el país de Argelia || La presunta persona agresora tiene nacionalidad en el país de Argentina || La presunta persona agresora tiene nacionalidad en el país de Armenia || La presunta persona agresora tiene nacionalidad en el país de Australia || La presunta persona agresora tiene nacionalidad en el país de Austria || La presunta persona agresora tiene nacionalidad en el país de Azerbaiyan || La presunta persona agresora tiene nacionalidad en el país de Bahamas || La presunta persona agresora tiene nacionalidad en el país de Banglades || La presunta persona agresora tiene nacionalidad en el país de Barbados || La presunta persona agresora tiene nacionalidad en el país de Barein || La presunta persona agresora tiene nacionalidad en el país de Belgica || La presunta persona agresora tiene nacionalidad en el país de Belice || La presunta persona agresora tiene nacionalidad en el país de Benin || La presunta persona agresora tiene nacionalidad en el país de Bielorrusia || La presunta persona agresora tiene nacionalidad en el país de Birmania/Myanmar || La presunta persona agresora tiene nacionalidad en el país de Bolivia || La presunta persona agresora tiene nacionalidad en el país de Bosnia y Herzegovina || La presunta persona agresora tiene nacionalidad en el país de Botsuana || La presunta persona agresora tiene nacionalidad en el país de Brasil || La presunta persona agresora tiene nacionalidad en el país de Brunei || La presunta persona agresora tiene nacionalidad en el país de Bulgaria || La presunta persona agresora tiene nacionalidad en el país de Burkina Faso || La presunta persona agresora tiene nacionalidad en el país de Burundi || La presunta persona agresora tiene nacionalidad en el país de Butan || La presunta persona agresora tiene nacionalidad en el país de Cabo Verde || La presunta persona agresora tiene nacionalidad en el país de Camboya || La presunta persona agresora tiene nacionalidad en el país de Camerun || La presunta persona agresora tiene nacionalidad en el país de Canada || La presunta persona agresora tiene nacionalidad en el país de Catar || La presunta persona agresora tiene nacionalidad en el país de Chad || La presunta persona agresora tiene nacionalidad en el país de Chile || La presunta persona agresora tiene nacionalidad en el país de China || La presunta persona agresora tiene nacionalidad en el país de Chipre || La presunta persona agresora tiene nacionalidad en el país de Ciudad del Vaticano || La presunta persona agresora tiene nacionalidad en el país de Colombia || La presunta persona agresora tiene nacionalidad en el país de Comoras || La presunta persona agresora tiene nacionalidad en el país de Corea del Norte || La presunta persona agresora tiene nacionalidad en el país de Corea del Sur || La presunta persona agresora tiene nacionalidad en el país de Costa de Marfil || La presunta persona agresora tiene nacionalidad en el país de Costa Rica || La presunta persona agresora tiene nacionalidad en el país de Croacia || La presunta persona agresora tiene nacionalidad en el país de Cuba || La presunta persona agresora tiene nacionalidad en el país de Dinamarca || La presunta persona agresora tiene nacionalidad en el país de Dominica || La presunta persona agresora tiene nacionalidad en el país de Ecuador || La presunta persona agresora tiene nacionalidad en el país de Egipto || La presunta persona agresora tiene nacionalidad en el país de El Salvador || La presunta persona agresora tiene nacionalidad en el país de Emiratos Arabes Unidos || La presunta persona agresora tiene nacionalidad en el país de Eritrea || La presunta persona agresora tiene nacionalidad en el país de Eslovaquia || La presunta persona agresora tiene nacionalidad en el país de Eslovenia || La presunta persona agresora tiene nacionalidad en el país de España || La presunta persona agresora tiene nacionalidad en el país de Estados Unidos || La presunta persona agresora tiene nacionalidad en el país de Estonia || La presunta persona agresora tiene nacionalidad en el país de Etiopia || La presunta persona agresora tiene nacionalidad en el país de Filipinas || La presunta persona agresora tiene nacionalidad en el país de Finlandia || La presunta persona agresora tiene nacionalidad en el país de Fiyi || La presunta persona agresora tiene nacionalidad en el país de Francia || La presunta persona agresora tiene nacionalidad en el país de Gabon || La presunta persona agresora tiene nacionalidad en el país de Gambia || La presunta persona agresora tiene nacionalidad en el país de Georgia || La presunta persona agresora tiene nacionalidad en el país de Ghana || La presunta persona agresora tiene nacionalidad en el país de Granada || La presunta persona agresora tiene nacionalidad en el país de Grecia || La presunta persona agresora tiene nacionalidad en el país de Guatemala || La presunta persona agresora tiene nacionalidad en el país de Guinea || La presunta persona agresora tiene nacionalidad en el país de Guinea Ecuatorial || La presunta persona agresora tiene nacionalidad en el país de Guinea-Bisau || La presunta persona agresora tiene nacionalidad en el país de Guyana || La presunta persona agresora tiene nacionalidad en el país de Haiti || La presunta persona agresora tiene nacionalidad en el país de Honduras || La presunta persona agresora tiene nacionalidad en el país de Hungria || La presunta persona agresora tiene nacionalidad en el país de India || La presunta persona agresora tiene nacionalidad en el país de Indonesia || La presunta persona agresora tiene nacionalidad en el país de Irak || La presunta persona agresora tiene nacionalidad en el país de Iran || La presunta persona agresora tiene nacionalidad en el país de Irlanda || La presunta persona agresora tiene nacionalidad en el país de Islandia || La presunta persona agresora tiene nacionalidad en el país de Islas Marshall || La presunta persona agresora tiene nacionalidad en el país de Islas Salomon || La presunta persona agresora tiene nacionalidad en el país de Israel || La presunta persona agresora tiene nacionalidad en el país de Italia || La presunta persona agresora tiene nacionalidad en el país de Jamaica || La presunta persona agresora tiene nacionalidad en el país de Japon || La presunta persona agresora tiene nacionalidad en el país de Jordania || La presunta persona agresora tiene nacionalidad en el país de Kazajistan || La presunta persona agresora tiene nacionalidad en el país de Kenia || La presunta persona agresora tiene nacionalidad en el país de Kirguistan || La presunta persona agresora tiene nacionalidad en el país de Kiribati || La presunta persona agresora tiene nacionalidad en el país de Kuwait || La presunta persona agresora tiene nacionalidad en el país de Laos || La presunta persona agresora tiene nacionalidad en el país de Lesoto || La presunta persona agresora tiene nacionalidad en el país de Letonia || La presunta persona agresora tiene nacionalidad en el país de Libano || La presunta persona agresora tiene nacionalidad en el país de Liberia || La presunta persona agresora tiene nacionalidad en el país de Libia || La presunta persona agresora tiene nacionalidad en el país de Liechtenstein || La presunta persona agresora tiene nacionalidad en el país de Lituania || La presunta persona agresora tiene nacionalidad en el país de Luxemburgo || La presunta persona agresora tiene nacionalidad en el país de Madagascar || La presunta persona agresora tiene nacionalidad en el país de Malasia || La presunta persona agresora tiene nacionalidad en el país de Malaui || La presunta persona agresora tiene nacionalidad en el país de Maldivas || La presunta persona agresora tiene nacionalidad en el país de Mali || La presunta persona agresora tiene nacionalidad en el país de Malta || La presunta persona agresora tiene nacionalidad en el país de Marruecos || La presunta persona agresora tiene nacionalidad en el país de Mauricio || La presunta persona agresora tiene nacionalidad en el país de Mauritania || La presunta persona agresora tiene nacionalidad en el país de Mexico || La presunta persona agresora tiene nacionalidad en el país de Micronesia || La presunta persona agresora tiene nacionalidad en el país de Moldavia || La presunta persona agresora tiene nacionalidad en el país de Monaco || La presunta persona agresora tiene nacionalidad en el país de Mongolia || La presunta persona agresora tiene nacionalidad en el país de Montenegro || La presunta persona agresora tiene nacionalidad en el país de Mozambique || La presunta persona agresora tiene nacionalidad en el país de Namibia || La presunta persona agresora tiene nacionalidad en el país de Nauru || La presunta persona agresora tiene nacionalidad en el país de Nepal || La presunta persona agresora tiene nacionalidad en el país de Nicaragua || La presunta persona agresora tiene nacionalidad en el país de Niger || La presunta persona agresora tiene nacionalidad en el país de Nigeria || La presunta persona agresora tiene nacionalidad en el país de Noruega || La presunta persona agresora tiene nacionalidad en el país de Nueva Zelanda || La presunta persona agresora tiene nacionalidad en el país de Oman || La presunta persona agresora tiene nacionalidad en el país de Paises Bajos || La presunta persona agresora tiene nacionalidad en el país de Pakistan || La presunta persona agresora tiene nacionalidad en el país de Palaos || La presunta persona agresora tiene nacionalidad en el país de Panama || La presunta persona agresora tiene nacionalidad en el país de Papua Nueva Guinea || La presunta persona agresora tiene nacionalidad en el país de Paraguay || La presunta persona agresora tiene nacionalidad en el país de Polonia || La presunta persona agresora tiene nacionalidad en el país de Portugal || La presunta persona agresora tiene nacionalidad en el país de Reino Unido || La presunta persona agresora tiene nacionalidad en el país de Republica Centroafricana || La presunta persona agresora tiene nacionalidad en el país de Republica Checa || La presunta persona agresora tiene nacionalidad en el país de Republica de Macedonia || La presunta persona agresora tiene nacionalidad en el país de Republica de Sudafrica || La presunta persona agresora tiene nacionalidad en el país de Republica del Congo || La presunta persona agresora tiene nacionalidad en el país de Republica Democratica del Congo || La presunta persona agresora tiene nacionalidad en el país de Republica Dominicana || La presunta persona agresora tiene nacionalidad en el país de Ruanda || La presunta persona agresora tiene nacionalidad en el país de Rumania || La presunta persona agresora tiene nacionalidad en el país de Rusia || La presunta persona agresora tiene nacionalidad en el país de Samoa || La presunta persona agresora tiene nacionalidad en el país de San Cristobal y Nieves || La presunta persona agresora tiene nacionalidad en el país de San Marino || La presunta persona agresora tiene nacionalidad en el país de San Vicente y Las Granadinas || La presunta persona agresora tiene nacionalidad en el país de Santa Lucia || La presunta persona agresora tiene nacionalidad en el país de Santo Tome y Principe || La presunta persona agresora tiene nacionalidad en el país de Senegal || La presunta persona agresora tiene nacionalidad en el país de Serbia || La presunta persona agresora tiene nacionalidad en el país de Seychelles || La presunta persona agresora tiene nacionalidad en el país de Sierra Leona || La presunta persona agresora tiene nacionalidad en el país de Singapur || La presunta persona agresora tiene nacionalidad en el país de Siria || La presunta persona agresora tiene nacionalidad en el país de Somalia || La presunta persona agresora tiene nacionalidad en el país de Sri Lanka || La presunta persona agresora tiene nacionalidad en el país de Suazilandia || La presunta persona agresora tiene nacionalidad en el país de Sudan || La presunta persona agresora tiene nacionalidad en el país de Sudan del Sur || La presunta persona agresora tiene nacionalidad en el país de Suecia || La presunta persona agresora tiene nacionalidad en el país de Suiza || La presunta persona agresora tiene nacionalidad en el país de Surinam || La presunta persona agresora tiene nacionalidad en el país de Tailandia || La presunta persona agresora tiene nacionalidad en el país de Tanzania || La presunta persona agresora tiene nacionalidad en el país de Tayikistan || La presunta persona agresora tiene nacionalidad en el país de Timor Oriental || La presunta persona agresora tiene nacionalidad en el país de Togo || La presunta persona agresora tiene nacionalidad en el país de Tonga || La presunta persona agresora tiene nacionalidad en el país de Trinidad y Tobago || La presunta persona agresora tiene nacionalidad en el país de Tunez || La presunta persona agresora tiene nacionalidad en el país de Turkmenistan || La presunta persona agresora tiene nacionalidad en el país de Turquia || La presunta persona agresora tiene nacionalidad en el país de Tuvalu || La presunta persona agresora tiene nacionalidad en el país de Ucrania || La presunta persona agresora tiene nacionalidad en el país de Uganda || La presunta persona agresora tiene nacionalidad en el país de Uruguay || La presunta persona agresora tiene nacionalidad en el país de Uzbekistan || La presunta persona agresora tiene nacionalidad en el país de Vanuatu || La presunta persona agresora tiene nacionalidad en el país de Venezuela || La presunta persona agresora tiene nacionalidad en el país de Vietnam || La presunta persona agresora tiene nacionalidad en el país de Yemen || La presunta persona agresora tiene nacionalidad en el país de Yibuti || La presunta persona agresora tiene nacionalidad en el país de Zambia || La presunta persona agresora tiene nacionalidad en el país de Zimbabue,MD RA CEM pea.xlsx / Casos CEM
51,AGRESOR_CARNE_EXTRANJERIA,¿La presunta persona agresora cuenta con carné de extranjería?,Numérico,1,No,0 = No || 1 = Si,La presunta persona agresora no cuenta con carné de extranjería || La presunta persona agresora si cuenta con carné de extranjería,MD RA CEM pea.xlsx / Casos CEM
52,AGRESOR_SOLICITANTE_REFUGIO,La presunta persona agresora es Solicitante de Refugio,Numérico,1,No,1 = Si,La presunta persona agresora tiene situación migratoria como Solicitante de Refugio,MD RA CEM pea.xlsx / Casos CEM
53,AGRESOR_REFUGIADO,La presunta persona agresora es Refugiado,Numérico,1,No,1 = Si,La presunta persona agresora tiene situación migratoria como Refugiado,MD RA CEM pea.xlsx / Casos CEM
54,AGRESOR_SOLICITANTE_ASILO,La presunta persona agresora es Solicitante de Asilo,Numérico,1,No,1 = Si,La presunta persona agresora tiene situación migratoria como Solicitante de Asilo,MD RA CEM pea.xlsx / Casos CEM
55,AGRESOR_ASILADO,La presunta persona agresora es Asilado,Numérico,1,No,1 = Si,La presunta persona agresora tiene situación migratoria como Asilado,MD RA CEM pea.xlsx / Casos CEM
56,AGRESOR_APATRIDA,La presunta persona agresora es Apátrida,Numérico,1,No,1 = Si,La presunta persona agresora tiene situación migratoria como Apátrida,MD RA CEM pea.xlsx / Casos CEM
57,AGRESOR_OTRA_SIT_MIGR,La presunta persona agresora tiene otra situación migratoria,Numérico,1,No,1 = Si,La presunta persona agresora tiene otra situación migratoria,MD RA CEM pea.xlsx / Casos CEM
58,AGRESOR_NINGUNA_SIT_MIGR,La presunta persona agresora no tiene situación migratoria,Numérico,1,No,1 = Si,La presunta persona agresora no tiene situación migratoria,MD RA CEM pea.xlsx / Casos CEM
59,VINCULO_AGRESOR_VICTIMA,Vínculo que tiene la presunta persona agresora con la persona usuaria,Numérico,1,Si,1 = Con vínculo relacional de pareja || 2 = Con vínculo relacional familiar || 3 = Sin vínculo relacional de pareja ni familiar,"La presunta persona agresora tuvo vínculo relacional de pareja con la persona usuaria, al momento que ocurrió el hecho de violencia || La presunta persona agresora tuvo vínculo relacional familiar con la persona usuaria, al momento que ocurrió el hecho de violencia || La presunta persona agresora no tuvo vínculo relacional de pareja ni familiar con la persona usuaria, al momento que ocurrió el hecho de violencia",MD RA CEM pea.xlsx / Casos CEM
60,VINCULO_PAREJA,Tipo de vínculo relacional de pareja que tiene la presunta persona agresora con la persona usuaria,Numérico,2,No,1 = Cónyuge || 2 = Ex cónyuge || 3 = Conviviente || 4 = Ex conviviente || 5 = Enamorado/a || 6 = Ex enamorado/a || 7 = Novio/a || 8 = Ex novio/a || 9 = Progenitor/a de su hijo/a (sin convivencia con la pareja) || 10 = Otro tipo de relación sexo-afectiva,"La presunta persona agresora fue Cónyuge de la persona usuaria, al momento que ocurrió el hecho de violencia || La presunta persona agresora fue Ex cónyuge de la persona usuaria, al momento que ocurrió el hecho de violencia || La presunta persona agresora fue Conviviente de la persona usuaria, al momento que ocurrió el hecho de violencia || La presunta persona agresora fue Ex conviviente de la persona usuaria, al momento que ocurrió el hecho de violencia || La presunta persona agresora fue Enamorado/a de la persona usuaria, al momento que ocurrió el hecho de violencia || La presunta persona agresora fue Ex enamorado/a de la persona usuaria, al momento que ocurrió el hecho de violencia || La presunta persona agresora fue Novio/a de la persona usuaria, al momento que ocurrió el hecho de violencia || La presunta persona agresora fue Ex novio/a de la persona usuaria, al momento que ocurrió el hecho de violencia || La presunta persona agresora es el/la Progenitor/a de su hijo/a de la persona usuaria, al momento que ocurrió el hecho de violencia || La presunta persona agresora fue Otro tipo de relación sexo-afectiva de la persona usuaria, al momento que ocurrió el hecho de violencia",MD RA CEM pea.xlsx / Casos CEM
61,VINCULO_FAMILIAR,Tipo de vínculo relacional familiar que tiene la presunta persona agresora con la persona usuaria,Numérico,2,No,1 = Padre/Madre || 2 = Padrastro/Madrastra || 3 = Hijo/a || 4 = Hijastro/a || 5 = Abuelo/a || 6 = Hermano/a || 7 = Hermanastro/a || 8 = Nieto/a || 9 = Bisabuelo/a || 10 = Tío/a || 11 = Sobrino/a || 12 = Bisnieto/a || 13 = Tío/a - abuelo/a || 14 = Primo/a || 15 = Sobrino/a – nieto/a || 16 = Suegro/a || 17 = Yerno/Nuera || 18 = Cuñado/a || 19 = Otro familiar,"La presunta persona agresora es Padre/Madre de la persona usuaria, al momento que ocurrió el hecho de violencia || La presunta persona agresora es Padrastro/Madrastra de la persona usuaria, al momento que ocurrió el hecho de violencia || La presunta persona agresora es Hijo/a de la persona usuaria, al momento que ocurrió el hecho de violencia || La presunta persona agresora es Hijastro/a de la persona usuaria, al momento que ocurrió el hecho de violencia || La presunta persona agresora es Abuelo/a de la persona usuaria, al momento que ocurrió el hecho de violencia || La presunta persona agresora es Hermano/a de la persona usuaria, al momento que ocurrió el hecho de violencia || La presunta persona agresora es Hermanastro/a de la persona usuaria, al momento que ocurrió el hecho de violencia || La presunta persona agresora es Nieto/a de la persona usuaria, al momento que ocurrió el hecho de violencia || La presunta persona agresora es Bisabuelo/a de la persona usuaria, al momento que ocurrió el hecho de violencia || La presunta persona agresora es Tío/a de la persona usuaria, al momento que ocurrió el hecho de violencia || La presunta persona agresora es Sobrino/a de la persona usuaria, al momento que ocurrió el hecho de violencia || La presunta persona agresora es Bisnieto/a de la persona usuaria, al momento que ocurrió el hecho de violencia || La presunta persona agresora es Tío/a - abuelo/a de la persona usuaria, al momento que ocurrió el hecho de violencia || La presunta persona agresora es Primo/a de la persona usuaria, al momento que ocurrió el hecho de violencia || La presunta persona agresora es Sobrino/a – nieto/a de la persona usuaria, al momento que ocurrió el hecho de violencia || La presunta persona agresora es Suegro/a de la persona usuaria, al momento que ocurrió el hecho de violencia || La presunta persona agresora es Yerno/Nuera de la persona usuaria, al momento que ocurrió el hecho de violencia || La presunta persona agresora es Cuñado/a de la persona usuaria, al momento que ocurrió el hecho de violencia || La presunta persona agresora es Otro familiar de la persona usuaria, al momento que ocurrió el hecho de violencia",MD RA CEM pea.xlsx / Casos CEM
62,SIN_VINCULO,Tipo de vínculo ni de pareja ni familiar que tiene la presunta persona agresora con la persona usuaria,Numérico,2,No,1 = Vecino/a || 2 = Concuñado/a || 3 = Docente || 4 = Compañero/a de estudios || 5 = Empleador/a de trabajo || 6 = Compañero/a de trabajo || 7 = Empleado/a de trabajo || 8 = Habita en el mismo hogar (Sin mediar relaciones contractuales o laborales) || 9 = Desconocido/a || 10 = Otro,"La presunta persona agresora fue Vecino/a de la persona usuaria, al momento que ocurrió el hecho de violencia || La presunta persona agresora fue Concuñado/a de la persona usuaria, al momento que ocurrió el hecho de violencia || La presunta persona agresora fue Docente de la persona usuaria, al momento que ocurrió el hecho de violencia || La presunta persona agresora fue Compañero/a de estudios de la persona usuaria, al momento que ocurrió el hecho de violencia || La presunta persona agresora fue Empleador/a de trabajo de la persona usuaria, al momento que ocurrió el hecho de violencia || La presunta persona agresora fue Compañero/a de trabajo de la persona usuaria, al momento que ocurrió el hecho de violencia || La presunta persona agresora fue Empleado/a de trabajo de la persona usuaria, al momento que ocurrió el hecho de violencia || La presunta persona agresora Habitó en el mismo hogar de la persona usuaria, al momento que ocurrió el hecho de violencia || La presunta persona agresora es un/a Desconocido/a para la persona usuaria, al momento que ocurrió el hecho de violencia || La presunta persona agresora tiene otro vínculo con la persona usuaria, al momento que ocurrió el hecho de violencia",MD RA CEM pea.xlsx / Casos CEM
63,AGRESOR_VIVE_CASA_VICTIMA,¿Actualmente la presunta persona agresora vive en la casa de la persona usuaria?,Numérico,1,Si,"0 = No || 1 = Si || 2 = Esporádicamente, va de vez en cuando","La presunta persona agresora no vive actualmente en la casa de la persona usuaria, al momento que acude al CEM || La presunta persona agresora vive actualmente en la casa de la persona usuaria, al momento que acude al CEM || La presunta persona agresora asiste a la casa de la persona usuaria de vez en cuando",MD RA CEM pea.xlsx / Casos CEM
64,AGRESOR_AREA_RESIDENCIA_DOMICILIO,Área de residencia del domicilio de la presunta persona agresora,Numérico,1,No,1 = Urbana || 2 = Rural,El área de residencia del domicilio de la presunta persona agresora es urbana || El área de residencia del domicilio de la presunta persona agresora es rural,MD RA CEM pea.xlsx / Casos CEM
65,EDAD_AGRESOR,Edad de la presunta persona agresora,Numérico,3,No,No tiene,"Edad de la presunta persona agresora en años cumplidos, que refiere la persona usuaria en el día que acude al CEM",MD RA CEM pea.xlsx / Casos CEM
66,SEXO_AGRESOR,Sexo de la presunta persona agresora,Numérico,1,Si,0 = Mujer || 1 = Hombre,"La presunta persona agresora es mujer, según sexo biológico referido por la persona usuaria || La presunta persona agresora es hombre, según sexo biológico referido por la persona usuaria",MD RA CEM pea.xlsx / Casos CEM
67,NIVEL_EDUCATIVO_AGRESOR,Nivel Educativo de la presunta persona agresora,Numérico,2,No,1 = Sin nivel || 2 = Inicial || 3 = Primaria Incompleta || 4 = Primaria Completa || 5 = Secundaria Incompleta || 6 = Secundaria Completa || 7 = Superior No Universitaria Incompleta || 8 = Superior No Universitaria Completa || 9 = Superior Universitaria Incompleta || 10 = Superior Universitaria Completa || 11 = Básica Especial || 12 = Maestría / Doctorado,El nivel educativo de la presunta persona agresora es Sin nivel || El nivel educativo de la presunta persona agresora es Inicial || El nivel educativo de la presunta persona agresora es Primaria Incompleta || El nivel educativo de la presunta persona agresora es Primaria Completa || El nivel educativo de la presunta persona agresora es Secundaria Incompleta || El nivel educativo de la presunta persona agresora es Secundaria Completa || El nivel educativo de la presunta persona agresora es Superior No Universitaria Incompleta || El nivel educativo de la presunta persona agresora es Superior No Universitaria Completa || El nivel educativo de la presunta persona agresora es Superior Universitaria Incompleta || El nivel educativo de la presunta persona agresora es Superior Universitaria Completa || El nivel educativo de la presunta persona agresora es Básica Especial || El nivel educativo de la presunta persona agresora es Maestría / Doctorado,MD RA CEM pea.xlsx / Casos CEM
68,TRABAJA_AGRESOR,¿La presunta persona agresora cuenta con un trabajo remunerado u ocupación para generar ingresos propios?,Numérico,1,No,0 = No || 1 = Si,La presunta persona agresora no cuenta con un trabajo remunerado u ocupación para generar ingresos propios || La presunta persona agresora si cuenta con un trabajo remunerado u ocupación para generar ingresos propios,MD RA CEM pea.xlsx / Casos CEM
69,OCUPACION_AGRESOR,Ocupación de la presunta persona agresora,Numérico,3,No,"1 = Abogado/a || 2 = Actor/Actriz, El o la Artista, Director/a de Espectáculos, Coreógrafo/a, El o la Modelo, Músico, Escenógrafo/a y Bailarines/as || 3 = Actuario/a || 4 = Administrador/a || 5 = Aduanero/a, El o la Agente de Aduanas, El o la Inspector de Frontera || 6 = Aeromozo/a, Azafata || 7 = El o la Agente, Intermediario/a o Corredor/a de Inmobiliario || 8 = El o la Agente de Bolsa || 9 = El o la Agente de Inmigración/Migración || 10 = El o la Agente de Turismo/Viajes || 11 = El o la Agente, Intermediario/a o Corredor/a de Seguros || 12 = Agrónomo/a, Agrólogo/a, Arboricultor/a, Agrimensor/a, Topógrafo/a, Geógrafo/a || 13 = El o la Albañil, Obrero/a de Construcción || 14 = El o la Analista de Sistemas y Computación || 15 = Antropólogo/a, Arqueólogo/a y Etnólogo/a || 16 = Archivero/a || 17 = Armador/a de Barco || 18 = Arquitecto/a || 19 = Artesano/a || 20 = Asistente/a Social || 21 = Autor/a Literario/a, Escritor/a y Crítico/a || 22 = Avicultor/a || 23 = Bacteriólogo/a, Farmacólogo/a, Biólogo/a, Científico/a || 24 = Basurero/a, Barrendero/a || 25 = Cajero/a || 26 = Camarero/a, Barman, Mesero/a, Cocinero/a || 27 = El o la Cambista, Compra/Venta de Moneda || 28 = Campesino/a, Agricultor/a || 29 = El o la Capataz || 30 = Cargador/a || 31 = Carpintero/a || 32 = Cartero/a || 33 = Cerrajero/a || 34 = Cobrador/a || 35 = Comerciante, Vendedor/a || 36 = Conductor/a, Chofer, Taxista, Mototaxista || 37 = El o la Conserje, Portero/a, Guardian/a, Vigilante || 38 = Constructor/a || 39 = Contador/a || 40 = El o la Contratista || 41 = Corte y Confección de Ropa, Fabricante de Prendas || 42 = Cosmetólogo/a, Peluquero/a y Barbero || 43 = Decorador/a, Dibujante, Publicista, Diseñador/a de Publicidad || 44 = Dentista, Odontólogo/a || 45 = Deportista Profesional, Atleta, Arbitro/a, Entrenador/a Deportivo/a || 46 = Distribuidor/a || 47 = El o la Docente || 48 = El o la Economista || 49 = El o la Electricista || 50 = Empleado/a del Hogar, Nana || 51 = Empresario/a Exportador/a o Empresario/a Importador/a || 52 = Enfermero/a || 53 = Ensamblador/a || 54 = Escultor/a || 55 = Fotógrafo/a, Operador/a de Cámara, Cine y TV, Locutor/a de Radio y TV, El o la Guionista || 56 = Ganadero/a || 57 = Gasfitero/a || 58 = Historiador/a || 59 = Ingeniero/a || 60 = El o la Intérprete, Traductor/a || 61 = Jardinero/a || 62 = Jockey || 63 = Joyero/a y/o Platero/a, Orfebre || 64 = Laboratorista (Técnico/a) || 65 = Liquidador/a, Reclamaciones/Seguros || 66 = El o la Maquinista, Operador/a de Maquinaria || 67 = Martillero/a, Subastador/a || 68 = El o la Mayorista, Comercio al por mayor || 69 = Mecánico/a || 70 = Médico, Cirujano/a || 71 = Metalurgista || 72 = Integrante de las Fuerzas Armadas || 73 = Nutricionista || 74 = Obrero/a, Operador/a || 75 = El o la Obstetra || 76 = Organizador/a de Eventos || 77 = Panadero/a, Pastelero/a || 78 = Paramédico/a || 79 = El o la Periodista || 80 = Perito/a || 81 = Pescador/a || 82 = Piloto || 83 = Pintor/a || 84 = Policía Municipal || 85 = Policía PNP || 86 = Productor/a de Cine, Radio, Televisión, Teatro || 87 = Productor/a de Cultivos extensivos || 88 = Programador/a || 89 = Psicólogo/a, El o la Terapeuta || 90 = Quiropráctico/a, Kinesiterapeuta (Kinesiólogo/a) || 91 = Relacionista Público/a e Industrial || 92 = Relojero/a || 93 = Reparación de Automóviles, Pintor/a retocador/a || 94 = Reparador/a de aparatos electrodomésticos || 95 = Repartidor/a || 96 = Sacerdote, Monja || 97 = Secretario/a, El o la Recepcionista, El o la Telefonista || 98 = Seguridad, Guardaespaldas, Guardia de Seguridad || 99 = Servicio de Almacenamiento, Almacenero/a || 100 = Servicio de Alquiler de Vehículos || 101 = Servicio de Alquiler de Videos y/o Equipos de sonido || 102 = Sociólogo/a || 103 = Tasador/a || 104 = Técnico/a || 105 = Torero/a || 106 = Tramitador/a || 107 = Transporte de Carga y/o Mudanza || 108 = Transportista || 109 = Vendedor/a Ambulante || 110 = Veterinario/a, Zoólogo/a, Zootécnico/a || 111 = Visitador/a Médico/a || 112 = Zapatero/a || 113 = Otra Ocupación","La ocupación de la presunta persona agresora es Abogado/a || La ocupación de la presunta persona agresora es Actor/Actriz, El o la Artista, Director/a de Espectáculos, Coreógrafo/a, El o la Modelo, Músico, Escenógrafo/a y Bailarines/as || La ocupación de la presunta persona agresora es Actuario/a || La ocupación de la presunta persona agresora es Administrador/a || La ocupación de la presunta persona agresora es Aduanero/a, El o la Agente de Aduanas, El o la Inspector de Frontera || La ocupación de la presunta persona agresora es Aeromozo/a, Azafata || La ocupación de la presunta persona agresora es El o la Agente, Intermediario/a o Corredor/a de Inmobiliario || La ocupación de la presunta persona agresora es El o la Agente de Bolsa || La ocupación de la presunta persona agresora es El o la Agente de Inmigración/Migración || La ocupación de la presunta persona agresora es El o la Agente de Turismo/Viajes || La ocupación de la presunta persona agresora es El o la Agente, Intermediario/a o Corredor/a de Seguros || La ocupación de la presunta persona agresora es Agrónomo/a, Agrólogo/a, Arboricultor/a, Agrimensor/a, Topógrafo/a, Geógrafo/a || La ocupación de la presunta persona agresora es El o la Albañil, Obrero/a de Construcción || La ocupación de la presunta persona agresora es El o la Analista de Sistemas y Computación || La ocupación de la presunta persona agresora es Antropólogo/a, Arqueólogo/a y Etnólogo/a || La ocupación de la presunta persona agresora es Archivero/a || La ocupación de la presunta persona agresora es Armador/a de Barco || La ocupación de la presunta persona agresora es Arquitecto/a || La ocupación de la presunta persona agresora es Artesano/a || La ocupación de la presunta persona agresora es Asistente/a Social || La ocupación de la presunta persona agresora es Autor/a Literario/a, Escritor/a y Crítico/a || La ocupación de la presunta persona agresora es Avicultor/a || La ocupación de la presunta persona agresora es Bacteriólogo/a, Farmacólogo/a, Biólogo/a, Científico/a || La ocupación de la presunta persona agresora es Basurero/a, Barrendero/a || La ocupación de la presunta persona agresora es Cajero/a || La ocupación de la presunta persona agresora es Camarero/a, Barman, Mesero/a, Cocinero/a || La ocupación de la presunta persona agresora es El o la Cambista, Compra/Venta de Moneda || La ocupación de la presunta persona agresora es Campesino/a, Agricultor/a || La ocupación de la presunta persona agresora es El o la Capataz || La ocupación de la presunta persona agresora es Cargador/a || La ocupación de la presunta persona agresora es Carpintero/a || La ocupación de la presunta persona agresora es Cartero/a || La ocupación de la presunta persona agresora es Cerrajero/a || La ocupación de la presunta persona agresora es Cobrador/a || La ocupación de la presunta persona agresora es Comerciante, Vendedor/a || La ocupación de la presunta persona agresora es Conductor/a, Chofer, Taxista, Mototaxista || La ocupación de la presunta persona agresora es El o la Conserje, Portero/a, Guardian/a, Vigilante || La ocupación de la presunta persona agresora es Constructor/a || La ocupación de la presunta persona agresora es Contador/a || La ocupación de la presunta persona agresora es El o la Contratista || La ocupación de la presunta persona agresora es Corte y Confección de Ropa, Fabricante de Prendas || La ocupación de la presunta persona agresora es Cosmetólogo/a, Peluquero/a y Barbero || La ocupación de la presunta persona agresora es Decorador/a, Dibujante, Publicista, Diseñador/a de Publicidad || La ocupación de la presunta persona agresora es Dentista, Odontólogo/a || La ocupación de la presunta persona agresora es Deportista Profesional, Atleta, Arbitro/a, Entrenador/a Deportivo/a || La ocupación de la presunta persona agresora es Distribuidor/a || La ocupación de la presunta persona agresora es El o la Docente || La ocupación de la presunta persona agresora es El o la Economista || La ocupación de la presunta persona agresora es El o la Electricista || La ocupación de la presunta persona agresora es Empleado/a del Hogar, Nana || La ocupación de la presunta persona agresora es Empresario/a Exportador/a o Empresario/a Importador/a || La ocupación de la presunta persona agresora es Enfermero/a || La ocupación de la presunta persona agresora es Ensamblador/a || La ocupación de la presunta persona agresora es Escultor/a || La ocupación de la presunta persona agresora es Fotógrafo/a, Operador/a de Cámara, Cine y TV, Locutor/a de Radio y TV, El o la Guionista || La ocupación de la presunta persona agresora es Ganadero/a || La ocupación de la presunta persona agresora es Gasfitero/a || La ocupación de la presunta persona agresora es Historiador/a || La ocupación de la presunta persona agresora es Ingeniero/a || La ocupación de la presunta persona agresora es El o la Intérprete, Traductor/a || La ocupación de la presunta persona agresora es Jardinero/a || La ocupación de la presunta persona agresora es Jockey || La ocupación de la presunta persona agresora es Joyero/a y/o Platero/a, Orfebre || La ocupación de la presunta persona agresora es Laboratorista (Técnico/a) || La ocupación de la presunta persona agresora es Liquidador/a, Reclamaciones/Seguros || La ocupación de la presunta persona agresora es El o la Maquinista, Operador/a de Maquinaria || La ocupación de la presunta persona agresora es Martillero/a, Subastador/a || La ocupación de la presunta persona agresora es El o la Mayorista, Comercio al por mayor || La ocupación de la presunta persona agresora es Mecánico/a || La ocupación de la presunta persona agresora es Médico, Cirujano/a || La ocupación de la presunta persona agresora es Metalurgista || La ocupación de la presunta persona agresora es Integrante de las Fuerzas Armadas || La ocupación de la presunta persona agresora es Nutricionista || La ocupación de la presunta persona agresora es Obrero/a, Operador/a || La ocupación de la presunta persona agresora es El o la Obstetra || La ocupación de la presunta persona agresora es Organizador/a de Eventos || La ocupación de la presunta persona agresora es Panadero/a, Pastelero/a || La ocupación de la presunta persona agresora es Paramédico/a || La ocupación de la presunta persona agresora es El o la Periodista || La ocupación de la presunta persona agresora es Perito/a || La ocupación de la presunta persona agresora es Pescador/a || La ocupación de la presunta persona agresora es Piloto || La ocupación de la presunta persona agresora es Pintor/a || La ocupación de la presunta persona agresora es Policía Municipal || La ocupación de la presunta persona agresora es Policía PNP || La ocupación de la presunta persona agresora es Productor/a de Cine, Radio, Televisión, Teatro || La ocupación de la presunta persona agresora es Productor/a de Cultivos extensivos || La ocupación de la presunta persona agresora es Programador/a || La ocupación de la presunta persona agresora es Psicólogo/a, El o la Terapeuta || La ocupación de la presunta persona agresora es Quiropráctico/a, Kinesiterapeuta (Kinesiólogo/a) || La ocupación de la presunta persona agresora es Relacionista Público/a e Industrial || La ocupación de la presunta persona agresora es Relojero/a || La ocupación de la presunta persona agresora es Reparación de Automóviles, Pintor/a retocador/a || La ocupación de la presunta persona agresora es Reparador/a de aparatos electrodomésticos || La ocupación de la presunta persona agresora es Repartidor/a || La ocupación de la presunta persona agresora es Sacerdote, Monja || La ocupación de la presunta persona agresora es Secretario/a, El o la Recepcionista, El o la Telefonista || La ocupación de la presunta persona agresora es Seguridad, Guardaespaldas, Guardia de Seguridad || La ocupación de la presunta persona agresora es Servicio de Almacenamiento, Almacenero/a || La ocupación de la presunta persona agresora es Servicio de Alquiler de Vehículos || La ocupación de la presunta persona agresora es Servicio de Alquiler de Videos y/o Equipos de sonido || La ocupación de la presunta persona agresora es Sociólogo/a || La ocupación de la presunta persona agresora es Tasador/a || La ocupación de la presunta persona agresora es Técnico/a || La ocupación de la presunta persona agresora es Torero/a || La ocupación de la presunta persona agresora es Tramitador/a || La ocupación de la presunta persona agresora es Transporte de Carga y/o Mudanza || La ocupación de la presunta persona agresora es Transportista || La ocupación de la presunta persona agresora es Vendedor/a Ambulante || La ocupación de la presunta persona agresora es Veterinario/a, Zoólogo/a, Zootécnico/a || La ocupación de la presunta persona agresora es Visitador/a Médico/a || La ocupación de la presunta persona agresora es Zapatero/a || La presunta persona agresora tiene otra ocupación",MD RA CEM pea.xlsx / Casos CEM
70,DISCAPACIDAD_AGRESOR,¿La presunta persona agresora presenta algún tipo de discapacidad?,Numérico,1,No,0 = No || 1 = Si,La presunta persona agresora no presenta algún tipo de discapacidad || La presunta persona agresora si presenta algún tipo de discapacidad,MD RA CEM pea.xlsx / Casos CEM
71,DEPENDE_VICTIMA_FEMINICIDIO,¿La persona usuaria ha dependido de una víctima de feminicidio?,Numérico,1,Si,0 = No || 1 = Si,La persona usuaria no ha dependido de una víctima de feminicidio || La persona usuaria ha dependido de una víctima de feminicidio,MD RA CEM pea.xlsx / Casos CEM
72,TIPO_VIOLENCIA,Tipo de violencia,Numérico,1,Si,0 = Violencia Económica o Patrimonial || 1 = Violencia Psicológica || 2 = Violencia Física || 3 = Violencia Sexual,Los hechos son de Violencia Económica o Patrimonial || Los hechos son de Violencia Psicológica || Los hechos son de Violencia Física || Los hechos son de Violencia Sexual,MD RA CEM pea.xlsx / Casos CEM
73,PERTURBACION_POSESION,Violencia económica o patrimonial: Perturbación de la posesión,Numérico,1,No,1 = Si,Los hechos de violencia económica o patrimonial son por Perturbación de la posesión,MD RA CEM pea.xlsx / Casos CEM
74,MENOSCABO_TENENCIA_BIENES,Violencia económica o patrimonial: Menoscabo de la tenencia o propiedad de sus bienes,Numérico,1,No,1 = Si,Los hechos de violencia económica o patrimonial son por Menoscabo de la tenencia o propiedad de sus bienes,MD RA CEM pea.xlsx / Casos CEM
75,PERDIDA_DERECHOS_PATRIMONIALES,"Violencia económica o patrimonial: Pérdida de instrumento de trabajo, documentos personales, bienes y derechos patrimoniales",Numérico,1,No,1 = Si,"Los hechos de violencia económica o patrimonial son por Pérdida de instrumento de trabajo, documentos personales, bienes y derechos patrimoniales",MD RA CEM pea.xlsx / Casos CEM
76,LIMITACION_RECURSOS_ECONOMICOS,Violencia económica o patrimonial: Limitación de los recursos económicos destinados a satisfacer sus necesidades,Numérico,1,No,1 = Si,Los hechos de violencia económica o patrimonial son por Limitación de los recursos económicos destinados a satisfacer sus necesidades,MD RA CEM pea.xlsx / Casos CEM
77,PRIVACION_MEDIOS_INDISPENSABLES,Violencia económica o patrimonial: Privación de los medios indispensables para vivir una vida digna,Numérico,1,No,1 = Si,Los hechos de violencia económica o patrimonial son por Privación de los medios indispensables para vivir una vida digna,MD RA CEM pea.xlsx / Casos CEM
78,INCUMPLIMIENTO_OBLIGACION_ALIMENTARIA,Violencia económica o patrimonial: Evasión del cumplimiento de sus obligaciones alimentarias,Numérico,1,No,1 = Si,Los hechos de violencia económica o patrimonial son por Evasión del cumplimiento de sus obligaciones alimentarias,MD RA CEM pea.xlsx / Casos CEM
79,CONTROL_DE_INGRESOS,Violencia económica o patrimonial: Limitación o control de sus ingresos,Numérico,1,No,1 = Si,Los hechos de violencia económica o patrimonial son por Limitación o control de sus ingresos,MD RA CEM pea.xlsx / Casos CEM
80,PERCEPCION_SALARIO_MENOR,Violencia económica o patrimonial: Percepción de un salario menor por igual tarea dentro de un mismo lugar de trabajo,Numérico,1,No,1 = Si,Los hechos de violencia económica o patrimonial son por Percepción de un salario menor por igual tarea dentro de un mismo lugar de trabajo,MD RA CEM pea.xlsx / Casos CEM
81,PROHIBIR_DES_LABORAL,"Violencia económica o patrimonial: Prohibir, limitar o condicionar el desarrollo profesional o laboral",Numérico,1,No,1 = Si,"Los hechos de violencia económica o patrimonial son por Prohibir, limitar o condicionar el desarrollo profesional o laboral",MD RA CEM pea.xlsx / Casos CEM
82,SUSTRAER_INGRESOS,Violencia económica o patrimonial: Sustraer los ingresos,Numérico,1,No,1 = Si,Los hechos de violencia económica o patrimonial son por Sustraer los ingresos,MD RA CEM pea.xlsx / Casos CEM
83,FRACCION_RECURSOS_NEC,Violencia económica o patrimonial: Proveer en forma diminuta o fraccionada los recursos necesarios,Numérico,1,No,1 = Si,Los hechos de violencia económica o patrimonial son por Proveer en forma diminuta o fraccionada los recursos necesarios,MD RA CEM pea.xlsx / Casos CEM
84,OBLIGACION_ALIMENTOS,Violencia económica o patrimonial: Condicionar el cumplimiento de la obligación de alimentos,Numérico,1,No,1 = Si,Los hechos de violencia económica o patrimonial son por Condicionar el cumplimiento de la obligación de alimentos,MD RA CEM pea.xlsx / Casos CEM
85,DESTRUIR_INST_TRABAJO,"Violencia económica o patrimonial: Dañar, sustraer, destruir bienes destinados al alquiler, venta o instrumentos de trabajo",Numérico,1,No,1 = Si,"Los hechos de violencia económica o patrimonial son por Dañar, sustraer, destruir bienes destinados al alquiler, venta o instrumentos de trabajo",MD RA CEM pea.xlsx / Casos CEM
86,DESTRUIR_BIEN_PERSONAL,"Violencia económica o patrimonial: Dañar, sustraer, destruir los bienes personales",Numérico,1,No,1 = Si,"Los hechos de violencia económica o patrimonial son por Dañar, sustraer, destruir los bienes personales",MD RA CEM pea.xlsx / Casos CEM
87,OTRA_VECON_PATRIM,Otro tipo de Violencia Económica o Patrimonial,Numérico,1,No,1 = Si,Otro tipo de violencia económica o patrimonial,MD RA CEM pea.xlsx / Casos CEM
88,GRITOS_INSULTOS,Violencia psicológica: Gritos e insultos,Numérico,1,No,1 = Si,Los hechos de violencia psicológica son por Gritos e insultos,MD RA CEM pea.xlsx / Casos CEM
89,VIOLENCIA_RACIAL,Violencia psicológica: Violencia racial o insulto étnico-racial,Numérico,1,No,1 = Si,Los hechos de violencia psicológica son por Violencia racial o insulto étnico-racial,MD RA CEM pea.xlsx / Casos CEM
90,INDIFERENCIA,Violencia psicológica: Indiferencia,Numérico,1,No,1 = Si,Los hechos de violencia psicológica son por Indiferencia,MD RA CEM pea.xlsx / Casos CEM
91,DISCR_ORIENTACION_SEXUAL,Violencia psicológica: Discriminación por orientación sexual,Numérico,1,No,1 = Si,Los hechos de violencia psicológica son por Discriminación por orientación sexual,MD RA CEM pea.xlsx / Casos CEM
92,DISCR_GENERO,Violencia psicológica: Discriminación por género,Numérico,1,No,1 = Si,Los hechos de violencia psicológica son por Discriminación por género,MD RA CEM pea.xlsx / Casos CEM
93,DISCR_IDENTIDAD_GENERO,Violencia psicológica: Discriminación por identidad de género,Numérico,1,No,1 = Si,Los hechos de violencia psicológica son por Discriminación por identidad de género,MD RA CEM pea.xlsx / Casos CEM
94,RECHAZO,Violencia psicológica: Rechazo,Numérico,1,No,1 = Si,Los hechos de violencia psicológica son por Rechazo,MD RA CEM pea.xlsx / Casos CEM
95,DESVALORIZACION_HUMILLACION,Violencia psicológica: Desvalorización y humillación,Numérico,1,No,1 = Si,Los hechos de violencia psicológica son por Desvalorización y humillación,MD RA CEM pea.xlsx / Casos CEM
96,AMENAZA_QUITAR_HIJOS,Violencia psicológica: Amenaza de quitar a los hijos/as,Numérico,1,No,1 = Si,Los hechos de violencia psicológica son por Amenaza de quitar a los hijos/as,MD RA CEM pea.xlsx / Casos CEM
97,OTRAS_AMENAZAS,Violencia psicológica: Otras amenazas diversas,Numérico,1,No,1 = Si,Los hechos de violencia psicológica son por Otras amenazas diversas,MD RA CEM pea.xlsx / Casos CEM
98,PROHIBE_RECIBIR_VISITAS,Violencia psicológica: Impide / prohíbe recibir visitas,Numérico,1,No,1 = Si,Los hechos de violencia psicológica son por Impide / prohíbe recibir visitas,MD RA CEM pea.xlsx / Casos CEM
99,PROHIBE_ESTUDIAR_TRABAJAR_SALIR,"Violencia psicológica: Impide / prohíbe estudiar, trabajar o salir",Numérico,1,No,1 = Si,"Los hechos de violencia psicológica son por Impide / prohíbe estudiar, trabajar o salir",MD RA CEM pea.xlsx / Casos CEM
100,ROMPE_DESTRUYE_COSAS,Violencia psicológica: Rompe o destruye cosas en la casa,Numérico,1,No,1 = Si,Los hechos de violencia psicológica son por Rompe o destruye cosas en la casa,MD RA CEM pea.xlsx / Casos CEM
101,VIGILANCIA_CONTINUA_PERSECUCION,Violencia psicológica: Vigilancia continua / persecución,Numérico,1,No,1 = Si,Los hechos de violencia psicológica son por Vigilancia continua / persecución,MD RA CEM pea.xlsx / Casos CEM
102,BOTAR_CASA,Violencia psicológica: Botar de la casa,Numérico,1,No,1 = Si,Los hechos de violencia psicológica son por Botar de la casa,MD RA CEM pea.xlsx / Casos CEM
103,AMENAZA_DE_MUERTE,Violencia psicológica: Amenazas de daño o muerte de la víctima,Numérico,1,No,1 = Si,Los hechos de violencia psicológica son por Amenazas de daño o muerte de la víctima,MD RA CEM pea.xlsx / Casos CEM
104,ABANDONO,Violencia psicológica: Abandono,Numérico,1,No,1 = Si,Los hechos de violencia psicológica son por Abandono,MD RA CEM pea.xlsx / Casos CEM
105,OTRA_VPSI,Otro tipo de Violencia Psicológica,Numérico,1,No,1 = Si,Otro tipo de violencia psicológica,MD RA CEM pea.xlsx / Casos CEM
106,PUNTAPIES_PATADAS,Violencia física: Puntapiés o patadas,Numérico,1,No,1 = Si,Los hechos de violencia física son por Puntapiés o patadas,MD RA CEM pea.xlsx / Casos CEM
107,PUÑETAZOS,Violencia física: Puñetazos,Numérico,1,No,1 = Si,Los hechos de violencia física son por Puñetazos,MD RA CEM pea.xlsx / Casos CEM
108,BOFETADAS,Violencia física: Bofetadas,Numérico,1,No,1 = Si,Los hechos de violencia física son por Bofetadas,MD RA CEM pea.xlsx / Casos CEM
109,JALONES_CABELLO,Violencia física: Jalones de cabello,Numérico,1,No,1 = Si,Los hechos de violencia física son por Jalones de cabello,MD RA CEM pea.xlsx / Casos CEM
110,MORDEDURA,Violencia física: Mordeduras,Numérico,1,No,1 = Si,Los hechos de violencia física son por Mordeduras,MD RA CEM pea.xlsx / Casos CEM
111,OTRAS_AGRESIONES,"Violencia física: Otras agresiones (arañazos, rodillazos, cabezazos, pisotones, etc.)",Numérico,1,No,1 = Si,"Los hechos de violencia física son por Otras agresiones (arañazos, rodillazos, cabezazos, pisotones, etc.)",MD RA CEM pea.xlsx / Casos CEM
112,EMPUJONES,"Violencia física: Empujones, tirar al suelo",Numérico,1,No,1 = Si,"Los hechos de violencia física son por Empujones, tirar al suelo",MD RA CEM pea.xlsx / Casos CEM
113,GOLPES_CON_PALOS,Violencia física: Golpes con palos,Numérico,1,No,1 = Si,Los hechos de violencia física son por Golpes con palos,MD RA CEM pea.xlsx / Casos CEM
114,LATIGAZO,"Violencia física: Latigazo, correazo, pegar con sogas",Numérico,1,No,1 = Si,"Los hechos de violencia física son por Latigazo, correazo, pegar con sogas",MD RA CEM pea.xlsx / Casos CEM
115,AHORCAMIENTO,"Violencia física: Ahorcamiento, estrangulamiento o intento de asfixia",Numérico,1,No,1 = Si,"Los hechos de violencia física son por Ahorcamiento, estrangulamiento o intento de asfixia",MD RA CEM pea.xlsx / Casos CEM
116,HERIDAS_CON_ARMAS,Violencia física: Heridas con arma punzo cortante o arma de fuego,Numérico,1,No,1 = Si,Los hechos de violencia física son por Heridas con arma punzo cortante o arma de fuego,MD RA CEM pea.xlsx / Casos CEM
117,GOLPES_CON_OBJETOS_CONTUNDENTES,"Violencia física: Golpes con otros objetos contundentes (piedras, fierros, botellas, herramientas, etc.)",Numérico,1,No,1 = Si,"Los hechos de violencia física son por Golpes con otros objetos contundentes (piedras, fierros, botellas, herramientas, etc.)",MD RA CEM pea.xlsx / Casos CEM
118,NEGLIGENCIA,Violencia física: Negligencia,Numérico,1,No,1 = Si,Los hechos de violencia física son por Negligencia,MD RA CEM pea.xlsx / Casos CEM
119,QUEMADURA,Violencia física: Quemaduras,Numérico,1,No,1 = Si,Los hechos de violencia física son por Quemaduras,MD RA CEM pea.xlsx / Casos CEM
120,OTRA_VFIS,Otro tipo de Violencia Física,Numérico,1,No,1 = Si,Otro tipo de violencia física,MD RA CEM pea.xlsx / Casos CEM
121,HOSTIGAMIENTO_SEXUAL,Violencia sexual: Hostigamiento sexual,Numérico,1,No,1 = Si,Los hechos de violencia sexual son por Hostigamiento sexual,MD RA CEM pea.xlsx / Casos CEM
122,ACOSO_SEX_ESP_PUB,Violencia sexual: Acoso sexual en espacios públicos,Numérico,1,No,1 = Si,Los hechos de violencia sexual son por Acoso sexual en espacios públicos,MD RA CEM pea.xlsx / Casos CEM
123,VIOLACION,Violencia sexual: Violación sexual,Numérico,1,No,1 = Si,Los hechos de violencia sexual son por Violación sexual,MD RA CEM pea.xlsx / Casos CEM
124,TRATA_CON_FINES_EXPLOTACION_SEXUAL,Violencia sexual: Trata de personas con fines de explotación sexual,Numérico,1,No,1 = Si,Los hechos de violencia sexual son por Trata de personas con fines de explotación sexual,MD RA CEM pea.xlsx / Casos CEM
125,EXPLOTACION_SEXUAL,Violencia sexual: Explotación Sexual,Numérico,1,No,1 = Si,Los hechos de violencia sexual son por Explotación Sexual,MD RA CEM pea.xlsx / Casos CEM
126,PORNOGRAFIA,Violencia sexual: Pornografía,Numérico,1,No,1 = Si,Los hechos de violencia sexual son por Pornografía,MD RA CEM pea.xlsx / Casos CEM
127,ACOSO_SEXUAL,Violencia sexual: Acoso sexual,Numérico,1,No,1 = Si,Los hechos de violencia sexual son por Acoso sexual,MD RA CEM pea.xlsx / Casos CEM
128,OTRA_VSEX,Otro tipo de Violencia Sexual,Numérico,1,No,1 = Si,Otro tipo de violencia sexual,MD RA CEM pea.xlsx / Casos CEM
129,MODALIDADES_VCM,Otras modalidades de violencia contra las mujeres,Numérico,2,No,0 = Ninguno || 1 = Violencia en los servicios de salud sexual y reproductiva || 2 = Acoso político || 3 = Violencia por orientación sexual || 4 = Violencia contra mujeres migrantes || 5 = Violencia en conflictos sociales || 6 = Violencia en conflicto armado || 7 = Violencia contra mujeres indígenas u originarias || 8 = Violencia contra las mujeres con discapacidad || 9 = Violencia a través de las tecnologías de la información y comunicación || 10 = Violencia en mujeres privadas de libertad || 11 = Violencia contra mujeres afroperuanas || 12 = Violencia contra mujeres con virus de inmunodeficiencia humana || 13 = Acoso a través del proceso judicial || 14 = Desaparición por particulares || 15 = Violencia contra mujeres defensoras de derechos humanos,Ninguna modalidad de violencia contra las mujeres || Modalidad de violencia contra las mujeres: Violencia en los servicios de salud sexual y reproductiva || Modalidad de violencia contra las mujeres: Acoso político || Modalidad de violencia contra las mujeres: Violencia por orientación sexual || Modalidad de violencia contra las mujeres: Violencia contra mujeres migrantes || Modalidad de violencia contra las mujeres: Violencia en conflictos sociales || Modalidad de violencia contra las mujeres: Violencia en conflicto armado || Modalidad de violencia contra las mujeres: Violencia contra mujeres indígenas u originarias || Modalidad de violencia contra las mujeres: Violencia contra las mujeres con discapacidad || Modalidad de violencia contra las mujeres: Violencia a través de las tecnologías de la información y comunicación || Modalidad de violencia contra las mujeres: Violencia en mujeres privadas de libertad || Modalidad de violencia contra las mujeres: Violencia contra mujeres afroperuanas || Modalidad de violencia contra las mujeres: Violencia contra mujeres con virus de inmunodeficiencia humana || Modalidad de violencia contra las mujeres: Acoso a través del proceso judicial || Modalidad de violencia contra las mujeres: Desaparición por particulares || Modalidad de violencia contra las mujeres: Violencia contra mujeres defensoras de derechos humanos,MD RA CEM pea.xlsx / Casos CEM
130,PRIMERA_VEZ_AGREDE,¿Es la primera vez que la persona usuaria es agredida por la presunta persona agresora?,Numérico,1,Si,0 = No || 1 = Si,No es la primera vez que la persona usuaria es agredida por la presunta persona agresora || Es la primera vez que la persona usuaria es agredida por la presunta persona agresora,MD RA CEM pea.xlsx / Casos CEM
131,FRECUENCIA_AGREDE,Frecuencia que es agredido/a la persona usuaria,Numérico,1,No,1 = Diario || 2 = Semanal || 3 = Quincenal || 4 = Mensual || 5 = Intermitente,La persona usuaria fue agredido/a con una frecuencia Diaria || La persona usuaria fue agredido/a con una frecuencia Semanal || La persona usuaria fue agredido/a con una frecuencia Quincenal || La persona usuaria fue agredido/a con una frecuencia Mensual || La persona usuaria fue agredido/a con una frecuencia Intermitente,MD RA CEM pea.xlsx / Casos CEM
132,ESTADO_AGRESOR_U_A,Estado de la presunta persona agresora en la última agresión,Numérico,1,Si,1 = Sobrio/a || 2 = Efectos de alcohol || 3 = Efectos de drogas || 4 = Ambos (efectos de alcohol y drogas),El estado de la presunta persona agresora en la última agresión es de sobrio/a || El estado de la presunta persona agresora en la última agresión son con los efectos de alcohol || El estado de la presunta persona agresora en la última agresión son con los efectos de drogas || El estado de la presunta persona agresora en la última agresión son con los efectos de alcohol y drogas,MD RA CEM pea.xlsx / Casos CEM
133,ESTADO_AGRESOR_G,Estado de la presunta persona agresora generalmente,Numérico,1,No,1 = Sobrio/a || 2 = Efectos de alcohol || 3 = Efectos de drogas || 4 = Ambos (efectos de alcohol y drogas),El estado de la presunta persona agresora generalmente es de sobrio/a || El estado de la presunta persona agresora generalmente son con los efectos de alcohol || El estado de la presunta persona agresora generalmente son con los efectos de drogas || El estado de la presunta persona agresora generalmente son con los efectos de alcohol y drogas,MD RA CEM pea.xlsx / Casos CEM
134,ESTADO_VICTIMA_U_A,Estado de la persona usuaria en la última agresión,Numérico,1,Si,1 = Sobrio/a || 2 = Efectos de alcohol || 3 = Efectos de drogas || 4 = Ambos (efectos de alcohol y drogas),El estado de la persona usuaria en la última agresión es de sobrio/a || El estado de la persona usuaria en la última agresión son con los efectos de alcohol || El estado de la persona usuaria en la última agresión son con los efectos de drogas || El estado de la persona usuaria en la última agresión son con los efectos de alcohol y drogas,MD RA CEM pea.xlsx / Casos CEM
135,ESTADO_VICTIMA_G,Estado de la persona usuaria generalmente,Numérico,1,No,1 = Sobrio/a || 2 = Efectos de alcohol || 3 = Efectos de drogas || 4 = Ambos (efectos de alcohol y drogas),El estado de la persona usuaria generalmente es de sobrio/a || El estado de la persona usuaria generalmente son con los efectos de alcohol || El estado de la persona usuaria generalmente son con los efectos de drogas || El estado de la persona usuaria generalmente son con los efectos de alcohol y drogas,MD RA CEM pea.xlsx / Casos CEM
136,TRATAMIENTO_PSICOLOGICO,Tratamiento psicológico recibido,Numérico,1,No,1 = Si,Tratamiento psicológico recibido a consecuencia de los hechos de violencia,MD RA CEM pea.xlsx / Casos CEM
137,TRATAMIENTO_PSIQUIATRICO,Tratamiento psiquiátrico recibido,Numérico,1,No,1 = Si,Tratamiento psiquiátrico recibido a consecuencia de los hechos de violencia,MD RA CEM pea.xlsx / Casos CEM
138,ATENCION_MEDICA,Atención médica recibida,Numérico,1,No,1 = Si,Atención médica recibida a consecuencia de los hechos de violencia,MD RA CEM pea.xlsx / Casos CEM
139,OTRO_TRATAMIENTO,Otro tratamiento recibido,Numérico,1,No,1 = Si,Otro tratamiento recibido a consecuencia de los hechos de violencia,MD RA CEM pea.xlsx / Casos CEM
140,NINGUN_TRATAMIENTO,Ningún tratamiento recibido,Numérico,1,No,1 = Si,Ningún tratamiento recibido a consecuencia de los hechos de violencia,MD RA CEM pea.xlsx / Casos CEM
141,CONTINUA_RECIBIENDO_TRATAMIENTO,¿Recibe actualmente algún tipo de tratamiento la persona usuaria?,Numérico,1,Si,0 = No || 1 = Si,"La persona usuaria, al momento de acudir al CEM, no recibe algún tipo de tratamiento a consecuencias de los últimos hechos de violencia || La persona usuaria, al momento de acudir al CEM, recibe algún tipo de tratamiento a consecuencias de los últimos hechos de violencia",MD RA CEM pea.xlsx / Casos CEM
142,ANTECEDENTE_DESAPARICION,"¿La persona usuaria presenta antecedentes de desaparición, cometida por la misma presunta persona agresora?",Numérico,1,Si,0 = No || 1 = Si,"La persona usuaria no presenta antecedentes de desaparición, cometida por la misma presunta persona agresora, hasta antes de acudir al CEM || La persona usuaria presenta antecedentes de desaparición, cometida por la misma presunta persona agresora, hasta antes de acudir al CEM",MD RA CEM pea.xlsx / Casos CEM
143,FACTOR_AGRESOR_CONSUMO_ALCOHOL,Factor de riesgo de la presunta persona agresora: Abuso en el consumo de alcohol,Numérico,1,No,1 = Si,Factor de riesgo de la presunta persona agresora: Abuso en el consumo de alcohol,MD RA CEM pea.xlsx / Casos CEM
144,FACTOR_AGRESOR_CONSUME_DROGA,Factor de riesgo de la presunta persona agresora: Consume drogas,Numérico,1,No,1 = Si,Factor de riesgo de la presunta persona agresora: Consume drogas,MD RA CEM pea.xlsx / Casos CEM
145,FACTOR_VICTIMA_DISCAPACIDAD,Factor de riesgo de la persona usuaria: Es una persona con discapacidad,Numérico,1,No,1 = Si,Factor de riesgo de la persona usuaria: Es una persona con discapacidad,MD RA CEM pea.xlsx / Casos CEM
146,FACTOR_VICTIMA_ABUSO_CONSUMO_ALCOHOL,Factor de riesgo de la persona usuaria: Abuso en el consumo de alcohol,Numérico,1,No,1 = Si,Factor de riesgo de la persona usuaria: Abuso en el consumo de alcohol,MD RA CEM pea.xlsx / Casos CEM
147,FACTOR_VICTIMA_CONSUME_DROGAS,Factor de riesgo de la persona usuaria: Consume drogas,Numérico,1,No,1 = Si,Factor de riesgo de la persona usuaria: Consume drogas,MD RA CEM pea.xlsx / Casos CEM
148,VULNERABILIDAD_VICTIMA_LGBTI,Vulneración por orientación sexual e identidad de género (Población LGBTI),Numérico,1,No,1 = Si,Vulneración por orientación sexual e identidad de género (Población LGBTI),MD RA CEM pea.xlsx / Casos CEM
149,VULNERABILIDAD_VICTIMA_VIH,Vulneración por ser persona que vive con el Virus de la Inmunodeficiencia Humana (VIH),Numérico,1,No,1 = Si,Vulneración por ser persona que vive con el Virus de la Inmunodeficiencia Humana (VIH),MD RA CEM pea.xlsx / Casos CEM
150,VINCULO_AFECTIVO_FAMILIA,Vínculo afectivo positivo de la persona usuaria: La familia,Numérico,1,No,1 = Si,Vínculo afectivo positivo de la persona usuaria: La familia,MD RA CEM pea.xlsx / Casos CEM
151,VINCULO_AFECTIVO_AMIGOS,Vínculo afectivo positivo de la persona usuaria: Los/as amigos/as,Numérico,1,No,1 = Si,Vínculo afectivo positivo de la persona usuaria: Los/as amigos/as,MD RA CEM pea.xlsx / Casos CEM
152,VINCULO_AFECTIVO_VECINOS,Vínculo afectivo positivo de la persona usuaria: Los/as vecinos/as,Numérico,1,No,1 = Si,Vínculo afectivo positivo de la persona usuaria: Los/as vecinos/as,MD RA CEM pea.xlsx / Casos CEM
153,VINCULO_AFECTIVO_ASOCIACIONES,Vínculo afectivo positivo de la persona usuaria: Las asociaciones a las que pertenece,Numérico,1,No,1 = Si,Vínculo afectivo positivo de la persona usuaria: Las asociaciones a las que pertenece,MD RA CEM pea.xlsx / Casos CEM
154,VINCULO_AFECTIVO_ORGANIZACIONES_CIVICAS,Vínculo afectivo positivo de la persona usuaria: Las organizaciones cívicas,Numérico,1,No,1 = Si,Vínculo afectivo positivo de la persona usuaria: Las organizaciones cívicas,MD RA CEM pea.xlsx / Casos CEM
155,VINCULO_AFECTIVO_COMPAÑEROS_TRABAJO,Vínculo afectivo positivo de la persona usuaria: Los/as compañeros/as de trabajo,Numérico,1,No,1 = Si,Vínculo afectivo positivo de la persona usuaria: Los/as compañeros/as de trabajo,MD RA CEM pea.xlsx / Casos CEM
156,VINCULO_AFECTIVO_OTRO,Otro vínculo afectivo positivo de la persona usuaria,Numérico,1,No,1 = Si,Otro vínculo afectivo positivo de la persona usuaria,MD RA CEM pea.xlsx / Casos CEM
157,VINCULO_AFECTIVO_NINGUNO,Ningún vínculo afectivo positivo de la persona usuaria,Numérico,1,No,1 = Si,Ningún vínculo afectivo positivo de la persona usuaria,MD RA CEM pea.xlsx / Casos CEM
158,NIVEL_DE_RIESGO_VICTIMA,Valoración del nivel de riesgo que presenta la persona usuaria,Numérico,1,Si,1 = Riesgo Leve || 2 = Riesgo Moderado || 3 = Riesgo Severo,"La valoración del nivel de riesgo que presenta la persona usuaria, al momento de acudir al CEM, es de Riesgo Leve || La valoración del nivel de riesgo que presenta la persona usuaria, al momento de acudir al CEM, es de Riesgo Moderado || La valoración del nivel de riesgo que presenta la persona usuaria, al momento de acudir al CEM, es de Riesgo Severo",MD RA CEM pea.xlsx / Casos CEM
159,INTERPUSO_DENUNCIA,"¿Se ha interpuesto denuncia por el último hecho de violencia, antes de la intervención del CEM?",Numérico,1,Si,0 = No || 1 = Si,"No se ha interpuesto denuncia por el último hecho de violencia, antes de la intervención del CEM || Se ha interpuesto denuncia por el último hecho de violencia, antes de la intervención del CEM",MD RA CEM pea.xlsx / Casos CEM
160,DESEA_DENUNCIAR,¿Desea la persona usuaria formular la denuncia?,Numérico,1,No,0 = No || 1 = Si,La persona usuaria no desea formular la denuncia por el último hecho de violencia || La persona usuaria desea formular la denuncia por el último hecho de violencia,MD RA CEM pea.xlsx / Casos CEM
161,CUENTA_MEDIDAS_PROTECCION,"¿La persona usuaria cuenta con las medidas de protección por el último hecho de violencia, antes de la intervención del CEM?",Numérico,1,No,0 = No || 1 = Si,"La persona usuaria no cuenta con las medidas de protección por el último hecho de violencia, antes de la intervención del CEM || La persona usuaria cuenta con las medidas de protección por el último hecho de violencia, antes de la intervención del CEM",MD RA CEM pea.xlsx / Casos CEM
162,CUENTA_MEDIDAS_CAUTELARES,"¿La persona usuaria cuenta con las medidas cautelares por el último hecho de violencia, antes de la intervención del CEM?",Numérico,1,No,0 = No || 1 = Si,"La persona usuaria no cuenta con las medidas cautelares por el último hecho de violencia, antes de la intervención del CEM || La persona usuaria cuenta con las medidas cautelares por el último hecho de violencia, antes de la intervención del CEM",MD RA CEM pea.xlsx / Casos CEM
163,SITUACION_AGRESOR,Situación de la presunta persona agresora luego de ocurrido el hecho de violencia,Numérico,1,No,1 = Detenido || 2 = Libre (en investigación) || 3 = Fue asesinado || 4 = Prófugo || 5 = Se suicidó || 6 = Otra situación,"La presunta persona agresora, luego de ocurrido el hecho de violencia, está Detenido || La presunta persona agresora, luego de ocurrido el hecho de violencia, está Libre (en investigación) || La presunta persona agresora, luego de ocurrido el hecho de violencia, fue asesinado || La presunta persona agresora, luego de ocurrido el hecho de violencia, está Prófugo || La presunta persona agresora, luego de ocurrido el hecho de violencia, se suicidó || Otra situación de la presunta persona agresora luego de ocurrido el hecho de violencia",MD RA CEM pea.xlsx / Casos CEM
164,DESEA_PATROCINIO_LEGAL,¿La persona usuaria está interesada en recibir patrocinio legal del CEM por el último hecho de violencia?,Numérico,1,Si,0 = No || 1 = Si,La persona usuaria no está interesada en recibir patrocinio legal del CEM por el último hecho de violencia || La persona usuaria está interesada en recibir patrocinio legal del CEM por el último hecho de violencia,MD RA CEM pea.xlsx / Casos CEM
165,REDES_FAM_SOC,La persona usuaria ¿cuenta con redes familiares o sociales idóneas?,Numérico,1,Si,0 = No || 1 = Si,La persona usuaria no cuenta con redes familiares o sociales idóneas || La persona usuaria cuenta con redes familiares o sociales idóneas,MD RA CEM pea.xlsx / Casos CEM
166,CASO_TENTATIVA_DE_FEMINICIDIO,¿El último hecho de violencia se califica como un caso de tentativa de feminicidio?,Numérico,1,No,0 = No || 1 = Si,El último hecho de violencia no se califica como un caso de tentativa de feminicidio || El último hecho de violencia se califica como un caso de tentativa de feminicidio,MD RA CEM pea.xlsx / Casos CEM
167,MOVIL_TENTATIVA_DE_FEMINICIDIO,Presunto móvil del hecho de la tentativa de feminicidio,Numérico,2,No,1 = Celos || 2 = Supuesta infidelidad de la persona usuaria || 3 = No acepta que la persona usuaria decida separarse || 4 = Ruptura reciente || 5 = La persona usuaria se va de la casa || 6 = La persona usuaria rechaza la relación sentimental || 7 = La persona usuaria opone resistencia a violación || 8 = Denuncia contra la presunta persona agresora || 9 = Venganza hacia la persona usuaria o sus familiares || 10 = “Desobediencia” de la persona usuaria || 11 = La persona usuaria inicia una nueva relación (ex pareja) || 12 = Retiran de la casa a la presunta persona agresora || 13 = La persona usuaria escapa de secuestro || 14 = Otro presunto móvil,Como presunto móvil del hecho de la tentativa de feminicidio se tiene los celos || Como presunto móvil del hecho de la tentativa de feminicidio se tiene una supuesta infidelidad de la persona usuaria || Como presunto móvil del hecho de la tentativa de feminicidio se tiene que la presunta persona agresora no acepta que la persona usuaria decida separarse || Como presunto móvil del hecho de la tentativa de feminicidio se tiene una ruptura reciente || Como presunto móvil del hecho de la tentativa de feminicidio se tiene que la persona usuaria se va de la casa || Como presunto móvil del hecho de la tentativa de feminicidio se tiene que la persona usuaria rechaza la relación sentimental || Como presunto móvil del hecho de la tentativa de feminicidio se tiene que la persona usuaria opone resistencia a violación || Como presunto móvil del hecho de la tentativa de feminicidio se tiene la denuncia contra la presunta persona agresora || Como presunto móvil del hecho de la tentativa de feminicidio se tiene la venganza hacia la persona usuaria o sus familiares || Como presunto móvil del hecho de la tentativa de feminicidio se tiene  la “desobediencia” de la persona usuaria || Como presunto móvil del hecho de la tentativa de feminicidio se tiene que la persona usuaria inicia una nueva relación (ex pareja) || Como presunto móvil del hecho de la tentativa de feminicidio se tiene que retiran de la casa a la presunta persona agresora || Como presunto móvil del hecho de la tentativa de feminicidio se tiene que la persona usuaria escapa de secuestro || Otro presunto móvil del hecho de la tentativa de feminicidio,MD RA CEM pea.xlsx / Casos CEM
168,MODALIDAD_TENTATIVA_DE_FEMINICIDIO,Modalidad del hecho de la tentativa de feminicidio,Numérico,2,No,"1 = Acuchillamiento || 2 = Estrangulamiento / Asfixia || 3 = Disparo por proyectil de arma de fuego (PAF) || 4 = Quemadura || 5 = Ahogamiento || 6 = Desbarrancamiento || 7 = Atropellamiento || 8 = Aplastamiento || 9 = Envenenamiento || 10 = Golpes || 11 = Agresiones con objetos filosos || 12 = Agresiones con objetos contundentes, duros o pesados || 13 = Otro","La modalidad del hecho de la tentativa de feminicidio fue por Acuchillamiento || La modalidad del hecho de la tentativa de feminicidio fue por Estrangulamiento / Asfixia || La modalidad del hecho de la tentativa de feminicidio fue por Disparo por proyectil de arma de fuego (PAF) || La modalidad del hecho de la tentativa de feminicidio fue por Quemadura || La modalidad del hecho de la tentativa de feminicidio fue por Ahogamiento || La modalidad del hecho de la tentativa de feminicidio fue por Desbarrancamiento || La modalidad del hecho de la tentativa de feminicidio fue por Atropellamiento || La modalidad del hecho de la tentativa de feminicidio fue por Aplastamiento || La modalidad del hecho de la tentativa de feminicidio fue por Envenenamiento || La modalidad del hecho de la tentativa de feminicidio fue por Golpes || La modalidad del hecho de la tentativa de feminicidio fue por Agresiones con objetos filosos || La modalidad del hecho de la tentativa de feminicidio fue por Agresiones con objetos contundentes, duros o pesados || Otra modalidad del hecho de la tentativa de feminicidio",MD RA CEM pea.xlsx / Casos CEM
